graph_id,Motif,Loss (Original),Loss (Full SAE),Loss (Ablated),SAE Degradation,Ablation Impact
2827,Single Input Module,0.00031649472657591105,0.00031654597842134535,0.000316651159664616,5.125184543430805e-08,1.051812432706356e-07
1908,Feedback Loop,0.003256508382037282,0.0032544967252761126,0.004983320366591215,-2.0116567611694336e-06,0.0017288236413151026
2200,Single Input Module,0.011007693596184254,0.011007551103830338,0.011007257737219334,-1.424923539161682e-07,-2.9336661100387573e-07
3426,Cascade,0.00026600490673445165,0.0002660280151758343,0.0002660756290424615,2.310844138264656e-08,4.761386662721634e-08
944,Feedforward Loop,0.003298053052276373,0.00329856900498271,0.003299625124782324,5.159527063369751e-07,1.0561197996139526e-06
1295,Feedback Loop,0.005499479826539755,0.005498605314642191,0.005409788340330124,-8.745118975639343e-07,-8.881697431206703e-05
433,Feedforward Loop,0.002824852243065834,0.002824753290042281,0.0028245518915355206,-9.895302355289459e-08,-2.0139850676059723e-07
3951,Cascade,0.00012084023910574615,0.00012084023910574615,0.00012084023910574615,0.0,0.0
551,Feedforward Loop,0.006582248955965042,0.006582681555300951,0.006583566777408123,4.3259933590888977e-07,8.852221071720123e-07
2794,Single Input Module,0.00609166594222188,0.00609167292714119,0.006091687828302383,6.984919309616089e-09,1.4901161193847656e-08
1786,Feedback Loop,0.0006202454678714275,0.0006183335208334029,0.000504744122736156,-1.911947038024664e-06,-0.00011358939809724689
1852,Feedback Loop,0.0077614691108465195,0.007784255780279636,0.010473926551640034,2.2786669433116913e-05,0.0026896707713603973
2830,Single Input Module,0.00019660420366562903,0.00019655702635645866,0.00019646067812573165,-4.7177309170365334e-08,-9.634823072701693e-08
1822,Feedback Loop,0.00638135289773345,0.006379647646099329,0.0063761575147509575,-1.7052516341209412e-06,-3.4901313483715057e-06
3306,Cascade,0.00346462638117373,0.0034646999556571245,0.003464852226898074,7.35744833946228e-08,1.5227124094963074e-07
249,Feedforward Loop,0.012330937199294567,0.012330676428973675,0.01233014464378357,-2.60770320892334e-07,-5.317851901054382e-07
3553,Cascade,0.006894444581121206,0.0068952604196965694,0.006896932143718004,8.158385753631592e-07,1.671724021434784e-06
2217,Single Input Module,0.00010110253788297996,0.00010102044325321913,0.00010085217218147591,-8.20946297608316e-08,-1.682710717432201e-07
3602,Cascade,0.005396399646997452,0.005396433174610138,0.005396503955125809,3.3527612686157227e-08,7.078051567077637e-08
3989,Cascade,1.7653115719440393e-05,1.760106533765793e-05,1.74944507307373e-05,-5.205038178246468e-08,-1.0661460692062974e-07
1205,Feedback Loop,0.0022348167840391397,0.0022324032615870237,0.002564801136031747,-2.4135224521160126e-06,0.00033239787444472313
2712,Single Input Module,0.011962400749325752,0.011962343007326126,0.0119622265920043,-5.774199962615967e-08,-1.1641532182693481e-07
3307,Cascade,0.0047647301107645035,0.004764523357152939,0.004764101002365351,-2.0675361156463623e-07,-4.223547875881195e-07
2899,Single Input Module,0.0005422676331363618,0.0005427452269941568,0.0005437232321128249,4.775938577950001e-07,9.780051186680794e-07
2831,Single Input Module,0.0012203881051391363,0.0012204163940623403,0.001220475067384541,2.828892320394516e-08,5.8673322200775146e-08
1451,Feedback Loop,0.008286207914352417,0.00830929260700941,0.007287884131073952,2.3084692656993866e-05,-0.0010214084759354591
3009,Cascade,0.002397165633738041,0.002396792871877551,0.0023960277903825045,-3.727618604898453e-07,-7.650814950466156e-07
588,Feedforward Loop,0.0031133131124079227,0.003113150130957365,0.0031128162518143654,-1.6298145055770874e-07,-3.3387914299964905e-07
1366,Feedback Loop,0.0029393211007118225,0.002940405858680606,0.00305075291544199,1.0847579687833786e-06,0.00011034705676138401
2374,Single Input Module,0.012204383499920368,0.012204405851662159,0.012204456143081188,2.2351741790771484e-08,5.029141902923584e-08
3842,Cascade,0.0066458904184401035,0.006645384710282087,0.006644346285611391,-5.057081580162048e-07,-1.0384246706962585e-06
952,Feedforward Loop,0.004270108416676521,0.004269452765583992,0.004268109332770109,-6.556510925292969e-07,-1.3434328138828278e-06
3552,Cascade,0.007797719445079565,0.007797981146723032,0.007798515260219574,2.6170164346694946e-07,5.341134965419769e-07
3684,Cascade,0.0001676385145401582,0.00016765703912824392,0.00016769640205893666,1.8524588085711002e-08,3.9362930692732334e-08
550,Feedforward Loop,0.0073258825577795506,0.007326154969632626,0.0073267132975161076,2.7241185307502747e-07,5.583278834819794e-07
2055,Single Input Module,9.238176426151767e-05,9.24554406083189e-05,9.260681690648198e-05,7.367634680122137e-08,1.5137629816308618e-07
3215,Cascade,0.0002542539732530713,0.0002541852300055325,0.0002540444547776133,-6.874324753880501e-08,-1.4077522791922092e-07
2762,Single Input Module,0.0037511244881898165,0.0037511384580284357,0.0037511689588427544,1.3969838619232178e-08,3.050081431865692e-08
136,Feedforward Loop,0.006444200873374939,0.0064438642002642155,0.006443175487220287,-3.366731107234955e-07,-6.887130439281464e-07
1132,Feedback Loop,0.005098340567201376,0.0050996034406125546,0.005240336060523987,1.2628734111785889e-06,0.00014073261991143227
649,Feedforward Loop,0.0008443309925496578,0.0008440741803497076,0.0008435497293248773,-2.568121999502182e-07,-5.244510248303413e-07
3397,Cascade,0.006477436516433954,0.006476967129856348,0.006476008333265781,-4.6938657760620117e-07,-9.587965905666351e-07
1682,Feedback Loop,0.002596815349534154,0.002597450977191329,0.0025987543631345034,6.356276571750641e-07,1.3033859431743622e-06
827,Feedforward Loop,0.0006006530020385981,0.0006006325129419565,0.0006005900795571506,-2.0489096641540527e-08,-4.243338480591774e-08
3776,Cascade,0.0031108588445931673,0.003110847668722272,0.003110825316980481,-1.1175870895385742e-08,-2.2351741790771484e-08
2201,Single Input Module,0.0006489833467639983,0.0006490611121989787,0.0006492208922281861,7.776543498039246e-08,1.5978002920746803e-07
2615,Single Input Module,0.002604695037007332,0.002604619599878788,0.0026044652331620455,-7.543712854385376e-08,-1.5436671674251556e-07
3033,Cascade,0.009009826928377151,0.009010250680148602,0.009011120535433292,4.237517714500427e-07,8.698552846908569e-07
1819,Feedback Loop,0.0037174131721258163,0.0037166771944612265,0.0036745357792824507,-7.359776645898819e-07,-4.214141517877579e-05
3395,Cascade,0.0022442385088652372,0.002244330244138837,0.0022445188369601965,9.173527359962463e-08,1.885928213596344e-07
776,Feedforward Loop,0.004044155590236187,0.004044386558234692,0.00404486246407032,2.3096799850463867e-07,4.759058356285095e-07
1296,Feedback Loop,0.0020590347703546286,0.0020608201157301664,0.0021398800890892744,1.7853453755378723e-06,7.905997335910797e-05
706,Feedforward Loop,0.004438457544893026,0.004438457544893026,0.004438457544893026,0.0,0.0
664,Feedforward Loop,0.012136418372392654,0.012136891484260559,0.012137859128415585,4.731118679046631e-07,9.676441550254822e-07
918,Feedforward Loop,0.0032919254153966904,0.0032926590647548437,0.0032941605895757675,7.336493581533432e-07,1.5015248209238052e-06
2534,Single Input Module,0.003449060721322894,0.0034490174148231745,0.003448929637670517,-4.330649971961975e-08,-8.777715265750885e-08
3043,Cascade,0.0036054218653589487,0.0036053627263754606,0.0036052430514246225,-5.9138983488082886e-08,-1.19674950838089e-07
2946,Single Input Module,0.00029945847927592695,0.00029943254776299,0.00029937957879155874,-2.593151293694973e-08,-5.296897143125534e-08
54,Feedforward Loop,0.020362265408039093,0.020362265408039093,0.020362265408039093,0.0,0.0
1035,Feedback Loop,0.0014000603696331382,0.0013995228800922632,0.0013762571616098285,-5.37489540874958e-07,-2.326571848243475e-05
3763,Cascade,0.003356633009389043,0.003356105415150523,0.0033550274092704058,-5.275942385196686e-07,-1.0780058801174164e-06
1259,Feedback Loop,0.0056741381995379925,0.005675224121659994,0.005877366755157709,1.085922122001648e-06,0.000202142633497715
1206,Feedback Loop,0.0042640650644898415,0.004271622281521559,0.004847999196499586,7.5572170317173e-06,0.0005763769149780273
380,Feedforward Loop,0.0001827152882469818,0.00018264853861182928,0.00018251202709507197,-6.674963515251875e-08,-1.3651151675730944e-07
2523,Single Input Module,0.000854139041621238,0.0008540234412066638,0.0008537871763110161,-1.1560041457414627e-07,-2.362648956477642e-07
3119,Cascade,0.005054779816418886,0.005054013337939978,0.005052443128079176,-7.664784789085388e-07,-1.5702098608016968e-06
1281,Feedback Loop,0.00880678091198206,0.008820037357509136,0.007613114546984434,1.3256445527076721e-05,-0.001206922810524702
1178,Feedback Loop,0.002403062302619219,0.0024028862826526165,0.0023524502757936716,-1.7601996660232544e-07,-5.043600685894489e-05
2306,Single Input Module,9.700312511995435e-05,9.705857519293204e-05,9.717272769194096e-05,5.545007297769189e-08,1.1415249900892377e-07
761,Feedforward Loop,0.007939999923110008,0.007939999923110008,0.007939999923110008,0.0,0.0
3898,Cascade,0.005682779010385275,0.005682770628482103,0.005682752933353186,-8.381903171539307e-09,-1.7695128917694092e-08
1611,Feedback Loop,0.010766449384391308,0.010775177739560604,0.007592480629682541,8.728355169296265e-06,-0.003182697109878063
135,Feedforward Loop,0.005058179143816233,0.0050593651831150055,0.005061796400696039,1.1860392987728119e-06,2.4312175810337067e-06
1422,Feedback Loop,0.0027685475070029497,0.002762606367468834,0.005293289665132761,-5.941139534115791e-06,0.002530683297663927
760,Feedforward Loop,0.008105892688035965,0.008106027729809284,0.008106309920549393,1.3504177331924438e-07,2.8219074010849e-07
2307,Single Input Module,0.00023578922264277935,0.0002358573256060481,0.00023599682026542723,6.810296326875687e-08,1.3949465937912464e-07
672,Feedforward Loop,0.011948212049901485,0.011948221363127232,0.011948239989578724,9.313225746154785e-09,1.862645149230957e-08
2328,Single Input Module,0.0015393445501103997,0.0015393368666991591,0.0015393212670460343,-7.683411240577698e-09,-1.5599653124809265e-08
2380,Single Input Module,5.562874139286578e-05,5.569163477048278e-05,5.5820793932070956e-05,6.289337761700153e-08,1.2915916158817708e-07
3841,Cascade,0.0013919566990807652,0.00139175308868289,0.001391334575600922,-2.03610397875309e-07,-4.1851308196783066e-07
685,Feedforward Loop,0.00018860392447095364,0.0001886772079160437,0.00018882827134802938,7.328344509005547e-08,1.510634319856763e-07
2144,Single Input Module,2.607360693218652e-05,2.611752825032454e-05,2.6208093913737684e-05,4.392131813801825e-08,9.056566341314465e-08
3519,Cascade,0.003344689030200243,0.00334455375559628,0.0033442743588238955,-1.3527460396289825e-07,-2.7939677238464355e-07
1210,Feedback Loop,0.00794852152466774,0.007946622557938099,0.00844515673816204,-1.8989667296409607e-06,0.0004985341802239418
2535,Single Input Module,0.0014685492496937513,0.0014683339977636933,0.0014678932493552566,-2.1525193005800247e-07,-4.407484084367752e-07
203,Feedforward Loop,0.0014136063400655985,0.001413547433912754,0.0014134267112240195,-5.8906152844429016e-08,-1.207226887345314e-07
3313,Cascade,0.0016186643624678254,0.0016179954400286078,0.0016166267450898886,-6.689224392175674e-07,-1.3686949387192726e-06
2478,Single Input Module,3.236815928175929e-06,3.203865617251722e-06,3.1368301733891713e-06,-3.295031092420686e-08,-6.703544386255089e-08
2781,Single Input Module,1.9036180674447678e-05,1.9045526642003097e-05,1.9064464140683413e-05,9.34596755541861e-09,1.8937498680315912e-08
1,Feedforward Loop,0.005268298089504242,0.005268529057502747,0.00526900589466095,2.3096799850463867e-07,4.76837158203125e-07
2776,Single Input Module,0.0003038756549358368,0.0003041190793737769,0.00030461844289675355,2.434244379401207e-07,4.993635229766369e-07
3295,Cascade,0.0013084860984236002,0.0013085139216855168,0.0013085699174553156,2.782326191663742e-08,5.5995769798755646e-08
2022,Single Input Module,0.0038939008954912424,0.003893898567184806,0.00389389437623322,-2.3283064365386963e-09,-4.190951585769653e-09
1396,Feedback Loop,0.011710923165082932,0.011721978895366192,0.010425830259919167,1.1055730283260345e-05,-0.0012961486354470253
676,Feedforward Loop,0.01976640895009041,0.019766319543123245,0.01976613886654377,-8.940696716308594e-08,-1.8067657947540283e-07
2052,Single Input Module,0.00031003355979919434,0.00030990300001576543,0.00030963605968281627,-1.305597834289074e-07,-2.6694033294916153e-07
659,Feedforward Loop,0.009300677105784416,0.009297993034124374,0.009292499162256718,-2.684071660041809e-06,-5.493871867656708e-06
1426,Feedback Loop,0.0034041234757751226,0.003397915745154023,0.005848777014762163,-6.207730621099472e-06,0.00245086126960814
1479,Feedback Loop,0.0038901129737496376,0.003892534179612994,0.0035612396895885468,2.4212058633565903e-06,-0.00033129449002444744
1264,Feedback Loop,0.004681438207626343,0.004683232866227627,0.008312100544571877,1.794658601284027e-06,0.0036288676783442497
773,Feedforward Loop,1.777252327883616e-05,1.7815769751905464e-05,1.7904942069435492e-05,4.324647306930274e-08,8.917231753002852e-08
540,Feedforward Loop,0.0003428657364565879,0.00034285717993043363,0.00034284006687812507,-8.556526154279709e-09,-1.7113052308559418e-08
2127,Single Input Module,0.006892572157084942,0.00689244270324707,0.0068921782076358795,-1.2945383787155151e-07,-2.644956111907959e-07
3367,Cascade,0.0010535173350945115,0.0010534836910665035,0.001053414773195982,-3.364402800798416e-08,-6.891787052154541e-08
258,Feedforward Loop,7.853623174014501e-06,7.738457497907802e-06,7.505290341214277e-06,-1.1516567610669881e-07,-2.331671566935256e-07
2889,Single Input Module,0.0004375177959445864,0.0004375312419142574,0.00043755932711064816,1.3445969671010971e-08,2.8085196390748024e-08
365,Feedforward Loop,0.00836592074483633,0.008365435525774956,0.00836444366723299,-4.852190613746643e-07,-9.918585419654846e-07
3124,Cascade,0.007384226191788912,0.007383629679679871,0.0073824054561555386,-5.96512109041214e-07,-1.2242235243320465e-06
703,Feedforward Loop,0.00023035977210383862,0.00023034891637507826,0.00023032540048006922,-1.0855728760361671e-08,-2.3515895009040833e-08
1078,Feedback Loop,0.0031807925552129745,0.0031603986863046885,0.001975169638171792,-2.0393868908286095e-05,-0.0011852290481328964
1950,Feedback Loop,0.004555914551019669,0.00456425454467535,0.0038089719600975513,8.33999365568161e-06,-0.0007552825845777988
1673,Feedback Loop,0.005134078674018383,0.005120801739394665,0.007393514737486839,-1.3276934623718262e-05,0.0022727129980921745
3931,Cascade,0.0027690317947417498,0.0027689796406775713,0.002768873004242778,-5.21540641784668e-08,-1.0663643479347229e-07
3770,Cascade,0.001998351654037833,0.0019983432721346617,0.0019983258098363876,-8.381903171539307e-09,-1.7462298274040222e-08
599,Feedforward Loop,0.00414655078202486,0.004146468825638294,0.004146300721913576,-8.195638656616211e-08,-1.6810372471809387e-07
933,Feedforward Loop,0.0011423617834225297,0.0011418925132602453,0.0011409298749640584,-4.6927016228437424e-07,-9.62638296186924e-07
3533,Cascade,6.622809451073408e-06,6.608172043343075e-06,6.5785170590970665e-06,-1.4637407730333507e-08,-2.9654984246008098e-08
2280,Single Input Module,7.9967467172537e-05,7.988828292582184e-05,7.972640014486387e-05,-7.918424671515822e-08,-1.6188278095796704e-07
2315,Single Input Module,0.016340451315045357,0.0163403432816267,0.016340121626853943,-1.0803341865539551e-07,-2.2165477275848389e-07
1796,Feedback Loop,0.0036737704649567604,0.0036705846432596445,0.0011779562337324023,-3.185821697115898e-06,-0.002492628409527242
1498,Feedback Loop,0.024226341396570206,0.02427826076745987,0.01880236342549324,5.1919370889663696e-05,-0.005475897341966629
658,Feedforward Loop,0.0024162274785339832,0.002416391856968403,0.0024167289957404137,1.6437843441963196e-07,3.371387720108032e-07
3682,Cascade,0.008004846051335335,0.008005011826753616,0.00800535548478365,1.6577541828155518e-07,3.4365803003311157e-07
20,Feedforward Loop,0.0013802897883579135,0.0013810587115585804,0.001382632995955646,7.689232006669044e-07,1.5742843970656395e-06
2606,Single Input Module,0.008502251468598843,0.008502221666276455,0.008502161130309105,-2.9802322387695312e-08,-6.05359673500061e-08
1478,Feedback Loop,0.006272787228226662,0.006277930922806263,0.005951362662017345,5.143694579601288e-06,-0.00032656826078891754
3386,Cascade,0.0007084435783326626,0.0007076901965774596,0.0007061482174322009,-7.533817552030087e-07,-1.541979145258665e-06
1968,Feedback Loop,0.004142270423471928,0.004145268350839615,0.0032335706055164337,2.9979273676872253e-06,-0.0009116977453231812
2676,Single Input Module,0.0016608955338597298,0.0016609510639682412,0.0016610653838142753,5.5530108511447906e-08,1.1431984603404999e-07
2629,Single Input Module,0.0021573498379439116,0.0021574858110398054,0.002157763810828328,1.3597309589385986e-07,2.7799978852272034e-07
384,Feedforward Loop,0.0026263294275850058,0.002624932210892439,0.0026220723520964384,-1.3972166925668716e-06,-2.8598587960004807e-06
2837,Single Input Module,0.0002532961079850793,0.00025348857161588967,0.00025388371432200074,1.9246363081037998e-07,3.951427061110735e-07
3294,Cascade,0.013153886422514915,0.013153653591871262,0.013153182342648506,-2.3283064365386963e-07,-4.7124922275543213e-07
1099,Feedback Loop,0.002592304488644004,0.0025917033199220896,0.0027477312833070755,-6.011687219142914e-07,0.00015602796338498592
3436,Cascade,0.00015916720440145582,0.00015918025746941566,0.00015920774603728205,1.3053067959845066e-08,2.7488567866384983e-08
2023,Single Input Module,0.00015018951671663672,0.00015016441466286778,0.00015011341019999236,-2.510205376893282e-08,-5.1004462875425816e-08
2468,Single Input Module,0.00015559162420686334,0.00015558148152194917,0.0001555606722831726,-1.0142684914171696e-08,-2.0809238776564598e-08
3384,Cascade,3.565692895790562e-05,3.581691635190509e-05,3.6146208003629e-05,1.5998739399947226e-07,3.292916517239064e-07
1774,Feedback Loop,0.00424465537071228,0.0042448327876627445,0.004256473854184151,1.7741695046424866e-07,1.1641066521406174e-05
2766,Single Input Module,0.00010880779154831544,0.00010889925033552572,0.0001090866862796247,9.145878721028566e-08,1.8743594409897923e-07
2051,Single Input Module,0.0037461193278431892,0.0037461700849235058,0.0037462743930518627,5.075708031654358e-08,1.043081283569336e-07
1287,Feedback Loop,0.004472808912396431,0.004474353045225143,0.004411072935909033,1.5441328287124634e-06,-6.328010931611061e-05
844,Feedforward Loop,0.01000745315104723,0.010007727891206741,0.010008289478719234,2.7474015951156616e-07,5.615875124931335e-07
682,Feedforward Loop,0.0032753560226410627,0.0032753965351730585,0.003275480354204774,4.0512531995773315e-08,8.381903171539307e-08
1151,Feedback Loop,0.006453216075897217,0.006453658454120159,0.0057592266239225864,4.423782229423523e-07,-0.0006944318301975727
3846,Cascade,0.0037684859707951546,0.003768461523577571,0.0037684107664972544,-2.444721758365631e-08,-5.075708031654358e-08
1362,Feedback Loop,0.0004960056394338608,0.0004952003946527839,0.001215135445818305,-8.052447810769081e-07,0.0007199350511655211
717,Feedforward Loop,0.0026557636447250843,0.0026561191771179438,0.002656850963830948,3.555323928594589e-07,7.317867130041122e-07
142,Feedforward Loop,0.004744685720652342,0.004744759760797024,0.004744910169392824,7.404014468193054e-08,1.5040859580039978e-07
1945,Feedback Loop,0.004020077176392078,0.0040253507904708385,0.004609416238963604,5.273614078760147e-06,0.0005840654484927654
3052,Cascade,0.005556545685976744,0.005557142198085785,0.005558362230658531,5.96512109041214e-07,1.2200325727462769e-06
1704,Feedback Loop,0.002094291616231203,0.0020934822969138622,0.002090121153742075,-8.093193173408508e-07,-3.361143171787262e-06
371,Feedforward Loop,0.0031113980803638697,0.0031114292796701193,0.003111495403572917,3.119930624961853e-08,6.612390279769897e-08
700,Feedforward Loop,0.006472376175224781,0.00647386908531189,0.006476926151663065,1.492910087108612e-06,3.0570663511753082e-06
2390,Single Input Module,0.0008209262159653008,0.0008207146893255413,0.0008202826720662415,-2.1152663975954056e-07,-4.320172592997551e-07
3314,Cascade,0.0015056112315505743,0.0015056715346872807,0.0015057952841743827,6.030313670635223e-08,1.237494871020317e-07
2450,Single Input Module,0.0004934205790050328,0.0004934151656925678,0.0004934046883136034,-5.413312464952469e-09,-1.0477378964424133e-08
1952,Feedback Loop,0.0036174652632325888,0.0036181120667606592,0.003201903309673071,6.468035280704498e-07,-0.0004162087570875883
3127,Cascade,0.0023589434567838907,0.002358322264626622,0.0023570528719574213,-6.211921572685242e-07,-1.2693926692008972e-06
155,Feedforward Loop,0.008913169614970684,0.008913109079003334,0.008912984281778336,-6.05359673500061e-08,-1.2479722499847412e-07
274,Feedforward Loop,0.002502000192180276,0.0025028542149811983,0.002504604635760188,8.540228009223938e-07,1.7504207789897919e-06
1763,Feedback Loop,0.0018946548225358129,0.001889252569526434,0.003400989808142185,-5.40225300937891e-06,0.0015117372386157513
1840,Feedback Loop,0.0023405246902257204,0.002343385247513652,0.004441071301698685,2.8605572879314423e-06,0.002097686054185033
1550,Feedback Loop,0.009866241365671158,0.00987195409834385,0.010149480774998665,5.712732672691345e-06,0.0002775266766548157
1267,Feedback Loop,0.009131545200943947,0.00914474856108427,0.009607816115021706,1.3203360140323639e-05,0.00046306755393743515
2124,Single Input Module,0.000642192258965224,0.0006424473831430078,0.0006429707864299417,2.5512417778372765e-07,5.234032869338989e-07
2787,Single Input Module,0.00018641767383087426,0.00018618088506627828,0.00018569626263342798,-2.367887645959854e-07,-4.846224328503013e-07
3034,Cascade,0.0037855200935155153,0.0037854474503546953,0.003785298904404044,-7.264316082000732e-08,-1.4854595065116882e-07
1762,Feedback Loop,0.013208828866481781,0.013250277377665043,0.009073453955352306,4.144851118326187e-05,-0.0041768234223127365
1600,Feedback Loop,0.003967235796153545,0.003958391025662422,0.004489034879952669,-8.8447704911232e-06,0.000530643854290247
2489,Single Input Module,0.012388970702886581,0.012388970702886581,0.012388970702886581,0.0,0.0
852,Feedforward Loop,0.0013761393493041396,0.0013762930175289512,0.0013766096672043204,1.5366822481155396e-07,3.166496753692627e-07
3820,Cascade,0.0017354626907035708,0.0017352619906887412,0.0017348509281873703,-2.0070001482963562e-07,-4.1106250137090683e-07
2018,Single Input Module,6.292517355177552e-05,6.291696627158672e-05,6.289996963459998e-05,-8.207280188798904e-09,-1.6996636986732483e-08
488,Feedforward Loop,8.924430585466325e-05,8.916565275285393e-05,8.900504326447845e-05,-7.865310180932283e-08,-1.6060948837548494e-07
1147,Feedback Loop,0.006492061074823141,0.006499986629933119,0.005428211763501167,7.925555109977722e-06,-0.0010717748664319515
3773,Cascade,0.0007733279489912093,0.0007732519879937172,0.0007730959332548082,-7.596099749207497e-08,-1.5605473890900612e-07
2662,Single Input Module,7.181152341217967e-06,7.155778348533204e-06,7.104227734089363e-06,-2.5373992684762925e-08,-5.155061444384046e-08
3659,Cascade,0.0019061524653807282,0.0019068303517997265,0.0019082212820649147,6.778864189982414e-07,1.3909302651882172e-06
2213,Single Input Module,0.0002206106437370181,0.00022057101887185127,0.00022048971732147038,-3.962486516684294e-08,-8.13015503808856e-08
1944,Feedback Loop,0.006700119934976101,0.006700881756842136,0.006403999403119087,7.618218660354614e-07,-0.00029688235372304916
1536,Feedback Loop,7.064152305247262e-05,7.062849181238562e-05,7.060295320115983e-05,-1.3031240087002516e-08,-2.5538611225783825e-08
1648,Feedback Loop,0.01887473836541176,0.01893433928489685,0.014185884967446327,5.960091948509216e-05,-0.004748454317450523
1775,Feedback Loop,0.004054940305650234,0.004054902587085962,0.004054826684296131,-3.771856427192688e-08,-7.59027898311615e-08
262,Feedforward Loop,0.0027054825332015753,0.002705319318920374,0.0027049873024225235,-1.632142812013626e-07,-3.320164978504181e-07
2979,Single Input Module,0.005605267360806465,0.00560526130720973,0.0056052482686936855,-6.05359673500061e-09,-1.30385160446167e-08
1782,Feedback Loop,0.005540839862078428,0.0055621773935854435,0.0048938775435090065,2.1337531507015228e-05,-0.000668299850076437
3385,Cascade,0.005586954299360514,0.0055870069190859795,0.005587118212133646,5.2619725465774536e-08,1.1129304766654968e-07
1271,Feedback Loop,0.010621879249811172,0.010619615204632282,0.010614972561597824,-2.2640451788902283e-06,-4.64264303445816e-06
3714,Cascade,0.0018081959569826722,0.001808327971957624,0.0018085992196574807,1.3201497495174408e-07,2.712476998567581e-07
1120,Feedback Loop,0.0035804039798676968,0.0035804156213998795,0.005096365697681904,1.1641532182693481e-08,0.0015159500762820244
468,Feedforward Loop,0.0071895914152264595,0.00719022611156106,0.007191529031842947,6.346963346004486e-07,1.3029202818870544e-06
3829,Cascade,0.007386019453406334,0.007386019453406334,0.007386019453406334,0.0,0.0
3062,Cascade,0.0010278117842972279,0.0010277373949065804,0.00102758570574224,-7.438939064741135e-08,-1.5168916434049606e-07
399,Feedforward Loop,0.005747538525611162,0.005748691037297249,0.005751052405685186,1.1525116860866547e-06,2.3613683879375458e-06
2565,Single Input Module,0.00037737112143076956,0.0003777068923227489,0.00037839519791305065,3.3577089197933674e-07,6.883055903017521e-07
1626,Feedback Loop,0.006272719707340002,0.00627646641805768,0.006580909248441458,3.74671071767807e-06,0.0003044428303837776
2882,Single Input Module,0.00022048682149033993,0.00022040982730686665,0.0002202505711466074,-7.699418347328901e-08,-1.5925616025924683e-07
2756,Single Input Module,0.00011290219117654487,0.00011302495840936899,0.000113276531919837,1.2276723282411695e-07,2.5157351046800613e-07
916,Feedforward Loop,0.0054471781477332115,0.0054471781477332115,0.0054471781477332115,0.0,0.0
3516,Cascade,0.005296254530549049,0.0052962410263717175,0.005296213086694479,-1.3504177331924438e-08,-2.7939677238464355e-08
1073,Feedback Loop,0.0032122423872351646,0.003217338817194104,0.004288533236831427,5.096429958939552e-06,0.0010711944196373224
3236,Cascade,0.001842147670686245,0.0018421628046780825,0.0018421926070004702,1.5133991837501526e-08,2.9802322387695312e-08
3167,Cascade,0.004060018341988325,0.004060018341988325,0.004060018341988325,0.0,0.0
3650,Cascade,0.002414674498140812,0.0024140619207173586,0.002412807894870639,-6.12577423453331e-07,-1.2540258467197418e-06
1159,Feedback Loop,0.0115766366943717,0.01157508697360754,0.009870998561382294,-1.5497207641601562e-06,-0.0017040884122252464
730,Feedforward Loop,0.004993125796318054,0.0049931020475924015,0.004993051290512085,-2.3748725652694702e-08,-5.075708031654358e-08
3586,Cascade,0.004995960276573896,0.004996117204427719,0.004996437579393387,1.5692785382270813e-07,3.203749656677246e-07
2235,Single Input Module,0.00012966922076884657,0.00012962063192389905,0.00012952125689480454,-4.858884494751692e-08,-9.937502909451723e-08
2357,Single Input Module,0.003192960750311613,0.003192885546013713,0.003192732110619545,-7.520429790019989e-08,-1.5343539416790009e-07
1723,Feedback Loop,0.003118207212537527,0.0031056180596351624,0.003421413479372859,-1.258915290236473e-05,0.00031579541973769665
356,Feedforward Loop,0.00813374388962984,0.008133737370371819,0.0081337234005332,-6.51925802230835e-09,-1.3969838619232178e-08
2502,Single Input Module,0.018311643972992897,0.018311582505702972,0.018311461433768272,-6.146728992462158e-08,-1.210719347000122e-07
1177,Feedback Loop,0.001893723150715232,0.001895132940262556,0.0020737703889608383,1.4097895473241806e-06,0.00017863744869828224
3902,Cascade,0.0015611319104209542,0.0015611319104209542,0.0015611319104209542,0.0,0.0
2356,Single Input Module,0.0005126641481183469,0.000512918340973556,0.0005134385428391397,2.5419285520911217e-07,5.202018655836582e-07
1511,Feedback Loop,0.002983562648296356,0.0029994938522577286,0.0057390411384403706,1.5931203961372375e-05,0.002739547286182642
2971,Single Input Module,0.01515126135200262,0.0151512511074543,0.015151230618357658,-1.0244548320770264e-08,-2.0489096641540527e-08
3074,Cascade,0.006087964866310358,0.006088870111852884,0.006090725306421518,9.052455425262451e-07,1.8551945686340332e-06
357,Feedforward Loop,0.002894082572311163,0.0028938998002558947,0.002893521450459957,-1.8277205526828766e-07,-3.7834979593753815e-07
2652,Single Input Module,5.83664259465877e-05,5.834373223478906e-05,5.8297751820646226e-05,-2.2693711798638105e-08,-4.598041414283216e-08
3139,Cascade,0.00010884227231144905,0.00010884227231144905,0.00010884227231144905,0.0,0.0
1403,Feedback Loop,0.005419836845248938,0.005419764667749405,0.005434856284409761,-7.217749953269958e-08,1.5091616660356522e-05
2584,Single Input Module,0.0003114753635600209,0.0003116540901828557,0.00031202062382362783,1.7872662283480167e-07,3.6653364077210426e-07
2115,Single Input Module,0.005624957848340273,0.005624957848340273,0.005624957848340273,0.0,0.0
572,Feedforward Loop,0.007153684739023447,0.00715374480932951,0.0071538700722157955,6.007030606269836e-08,1.2526288628578186e-07
3733,Cascade,0.0035189532209187746,0.0035192116629332304,0.0035197422839701176,2.584420144557953e-07,5.306210368871689e-07
1256,Feedback Loop,0.00858278013765812,0.00858600065112114,0.009208103641867638,3.2205134630203247e-06,0.0006221029907464981
623,Feedforward Loop,0.009354010224342346,0.009354617446660995,0.009355861693620682,6.07222318649292e-07,1.2442469596862793e-06
1891,Feedback Loop,0.005297656171023846,0.005301176570355892,0.004908202216029167,3.520399332046509e-06,-0.000392974354326725
1323,Feedback Loop,0.001817246899008751,0.001822122954763472,0.0047393543645739555,4.876055754721165e-06,0.0029172314098104835
592,Feedforward Loop,0.00260637397877872,0.002607643138617277,0.00261024315841496,1.2691598385572433e-06,2.600019797682762e-06
948,Feedforward Loop,0.0077768489718437195,0.00777631439268589,0.007775222882628441,-5.345791578292847e-07,-1.0915100574493408e-06
565,Feedforward Loop,0.0048230797983706,0.004823149181902409,0.004823291674256325,6.938353180885315e-08,1.424923539161682e-07
1072,Feedback Loop,0.009821613319218159,0.00981882493942976,0.008561830967664719,-2.7883797883987427e-06,-0.0012569939717650414
2102,Single Input Module,0.005499532911926508,0.005499532446265221,0.005499531980603933,-4.656612873077393e-10,-4.656612873077393e-10
938,Feedforward Loop,0.0032414933666586876,0.0032426256220787764,0.0032449476420879364,1.132255420088768e-06,2.322020009160042e-06
3405,Cascade,0.005960232112556696,0.00596098555251956,0.005962529685348272,7.534399628639221e-07,1.5441328287124634e-06
428,Feedforward Loop,0.0018696073675528169,0.0018696587067097425,0.0018697645282372832,5.133915692567825e-08,1.0582152754068375e-07
2939,Single Input Module,0.0003655476029962301,0.000365832238458097,0.0003664167015813291,2.846354618668556e-07,5.844631232321262e-07
3644,Cascade,0.005551560316234827,0.005550873465836048,0.005549467168748379,-6.868503987789154e-07,-1.4062970876693726e-06
3480,Cascade,0.001971588237211108,0.0019715409725904465,0.0019714452791959047,-4.7264620661735535e-08,-9.569339454174042e-08
1243,Feedback Loop,0.013487991876900196,0.013509471900761127,0.012027530930936337,2.1480023860931396e-05,-0.001481940969824791
1574,Feedback Loop,0.020413633435964584,0.02046333998441696,0.015570548363029957,4.970654845237732e-05,-0.004892791621387005
2876,Single Input Module,0.00015723110118415207,0.00015739130321890116,0.00015772067126818,1.6020203474909067e-07,3.293680492788553e-07
1625,Feedback Loop,0.0013196945656090975,0.0013191926991567016,0.001288596075028181,-5.01866452395916e-07,-3.059662412852049e-05
2637,Single Input Module,0.004899988416582346,0.004900056403130293,0.004900195635855198,6.798654794692993e-08,1.3923272490501404e-07
1583,Feedback Loop,0.006600989960134029,0.0066162701696157455,0.007978947833180428,1.5280209481716156e-05,0.001362677663564682
1466,Feedback Loop,0.0019133854657411575,0.0019136432092636824,0.0019202918047085404,2.577435225248337e-07,6.648595444858074e-06
2549,Single Input Module,0.0006564207724295557,0.0006569632096216083,0.0006580752087756991,5.424371920526028e-07,1.1119991540908813e-06
2516,Single Input Module,5.506132947630249e-05,5.502492422237992e-05,5.495084042195231e-05,-3.640525392256677e-08,-7.408380042761564e-08
1976,Feedback Loop,0.004463334567844868,0.004473445937037468,0.0036417748779058456,1.011136919260025e-05,-0.0008316710591316223
2474,Single Input Module,0.00029302629991434515,0.0002930997288785875,0.0002932516799774021,7.342896424233913e-08,1.5195109881460667e-07
3917,Cascade,0.0014543121214956045,0.0014539427356794477,0.001453187083825469,-3.6938581615686417e-07,-7.556518539786339e-07
3756,Cascade,0.0033302949741482735,0.0033303245436400175,0.0033303843811154366,2.9569491744041443e-08,5.98374754190445e-08
1351,Feedback Loop,0.004552025813609362,0.004548338241875172,0.004173222929239273,-3.687571734189987e-06,-0.0003751153126358986
3327,Cascade,0.0037041213363409042,0.003704431466758251,0.00370506732724607,3.1013041734695435e-07,6.35860487818718e-07
2501,Single Input Module,2.7026883344660746e-06,2.7162277547176927e-06,2.7440005396783818e-06,1.353942025161814e-08,2.7772784960689023e-08
1513,Feedback Loop,0.0031383882742375135,0.0032196466345340014,0.005335058551281691,8.125836029648781e-05,0.0021154119167476892
3741,Cascade,0.00033050827914848924,0.00033066351898014545,0.0003309815074317157,1.5523983165621758e-07,3.1798845157027245e-07
29,Feedforward Loop,0.0019402652978897095,0.0019396614516153932,0.0019384270999580622,-6.038462743163109e-07,-1.2343516573309898e-06
3410,Cascade,0.0023499203380197287,0.00234999624080956,0.002350154099985957,7.59027898311615e-08,1.578591763973236e-07
810,Feedforward Loop,0.0003707466821651906,0.0003707378637045622,0.0003707199648488313,-8.818460628390312e-09,-1.7898855730891228e-08
2167,Single Input Module,0.0008771739667281508,0.0008772428263910115,0.0008773844456300139,6.885966286063194e-08,1.416192390024662e-07
972,Feedforward Loop,0.009363098070025444,0.009363098070025444,0.009363098070025444,0.0,0.0
3572,Cascade,0.0017175617394968867,0.0017181664006784558,0.0017194064566865563,6.046611815690994e-07,1.2400560081005096e-06
1369,Feedback Loop,0.003243238665163517,0.003236772259697318,0.0019735447131097317,-6.466405466198921e-06,-0.0012632275465875864
2861,Single Input Module,0.0004872552235610783,0.0004871708224527538,0.00048699844046495855,-8.440110832452774e-08,-1.7238198779523373e-07
58,Feedforward Loop,0.0016991817392408848,0.00169888895470649,0.0016982887173071504,-2.9278453439474106e-07,-6.002373993396759e-07
1368,Feedback Loop,0.004344631917774677,0.004345448222011328,0.0035578501410782337,8.163042366504669e-07,-0.000787598080933094
3356,Cascade,0.0015914791729301214,0.0015914974501356483,0.0015915337717160583,1.8277205526828766e-08,3.632158041000366e-08
167,Feedforward Loop,0.002384706400334835,0.0023841916117817163,0.0023831361904740334,-5.147885531187057e-07,-1.055421307682991e-06
1789,Feedback Loop,0.00435036001726985,0.0043498799204826355,0.004348518792539835,-4.800967872142792e-07,-1.3611279428005219e-06
190,Feedforward Loop,0.003120184177532792,0.0031202128157019615,0.003120271721854806,2.8638169169425964e-08,5.8906152844429016e-08
1183,Feedback Loop,0.0026653092354536057,0.0026632214430719614,0.006434403359889984,-2.087792381644249e-06,0.0037711819168180227
3740,Cascade,0.0008055003709159791,0.0008057060185819864,0.0008061275584623218,2.0564766600728035e-07,4.2153988033533096e-07
3894,Cascade,0.003834095783531666,0.003833661088719964,0.003832772606983781,-4.346948117017746e-07,-8.884817361831665e-07
80,Feedforward Loop,0.006977431010454893,0.0069780801422894,0.006979413330554962,6.491318345069885e-07,1.3331882655620575e-06
221,Feedforward Loop,0.003913839813321829,0.003913088236004114,0.003911549691110849,-7.515773177146912e-07,-1.5385448932647705e-06
343,Feedforward Loop,0.0004157586954534054,0.0004152684414293617,0.0004142659599892795,-4.902540240436792e-07,-1.0024814400821924e-06
1736,Feedback Loop,0.00965704582631588,0.009670917876064777,0.009952488355338573,1.3872049748897552e-05,0.0002815704792737961
97,Feedforward Loop,0.0006657215999439359,0.0006655803881585598,0.0006652904557995498,-1.4121178537607193e-07,-2.8993235900998116e-07
647,Feedforward Loop,0.002619745908305049,0.002619794337078929,0.0026198935229331255,4.842877388000488e-08,9.918585419654846e-08
2220,Single Input Module,0.004457660485059023,0.004457940347492695,0.004458513576537371,2.798624336719513e-07,5.73229044675827e-07
3874,Cascade,0.0023650689981877804,0.0023657348938286304,0.0023671002127230167,6.658956408500671e-07,1.3653188943862915e-06
3459,Cascade,0.00025937953614629805,0.00025937953614629805,0.00025937953614629805,0.0,0.0
964,Feedforward Loop,0.01200498454272747,0.012005038559436798,0.012005148455500603,5.4016709327697754e-08,1.0989606380462646e-07
2013,Single Input Module,0.0003170534037053585,0.00031694091740064323,0.0003167085815221071,-1.1248630471527576e-07,-2.3233587853610516e-07
549,Feedforward Loop,0.0005334572633728385,0.0005334257148206234,0.0005333612207323313,-3.1548552215099335e-08,-6.449408829212189e-08
591,Feedforward Loop,0.0004011384444311261,0.00040120238554663956,0.0004013335274066776,6.394111551344395e-08,1.3114186003804207e-07
1388,Feedback Loop,0.002382782520726323,0.0023867208510637283,0.002565368777140975,3.938330337405205e-06,0.00017864792607724667
2754,Single Input Module,0.00033784136758185923,0.00033784250263124704,0.0003378454421181232,1.1350493878126144e-09,2.939486876130104e-09
654,Feedforward Loop,0.004748715087771416,0.004749026149511337,0.0047496650367975235,3.110617399215698e-07,6.388872861862183e-07
3905,Cascade,0.00017593102529644966,0.0001758229045663029,0.00017560158448759466,-1.0812073014676571e-07,-2.2132007870823145e-07
2162,Single Input Module,7.128309516701847e-05,7.11937464075163e-05,7.101083610905334e-05,-8.934875950217247e-08,-1.8291029846295714e-07
1993,Feedback Loop,0.0004922918160445988,0.0004938019555993378,0.0006140402983874083,1.5101395547389984e-06,0.00012023834278807044
1964,Feedback Loop,0.00367176765576005,0.0036639084573835135,0.0034535059239715338,-7.85919837653637e-06,-0.00021040253341197968
1539,Feedback Loop,0.0034650233574211597,0.003477290738373995,0.004277720581740141,1.2267380952835083e-05,0.0008004298433661461
3298,Cascade,0.002303649438545108,0.002303569344803691,0.002303406596183777,-8.009374141693115e-08,-1.6274861991405487e-07
2906,Single Input Module,6.775941983505618e-06,6.807677891629282e-06,6.8730801103811245e-06,3.173590812366456e-08,6.540221875184216e-08
2243,Single Input Module,0.0010606112191453576,0.0010604624403640628,0.0010601574322208762,-1.487787812948227e-07,-3.050081431865692e-07
719,Feedforward Loop,4.8540863645030186e-05,4.860566696152091e-05,4.873915167991072e-05,6.480331649072468e-08,1.3348471838980913e-07
575,Feedforward Loop,0.0014654335100203753,0.0014648890355601907,0.001463774940930307,-5.444744601845741e-07,-1.1140946298837662e-06
3176,Cascade,0.00025422812905162573,0.0002540528657846153,0.000253693840932101,-1.7526326701045036e-07,-3.5902485251426697e-07
2632,Single Input Module,0.03152886778116226,0.03152886778116226,0.03152886778116226,0.0,0.0
2090,Single Input Module,3.0748985864192946e-06,3.031157120858552e-06,2.942569381048088e-06,-4.3741465560742654e-08,-8.858773981046397e-08
3485,Cascade,0.007274676579982042,0.007273735944181681,0.007271814625710249,-9.406358003616333e-07,-1.921318471431732e-06
3064,Cascade,0.0037603769451379776,0.0037605734542012215,0.0037609776481986046,1.9650906324386597e-07,4.041939973831177e-07
225,Feedforward Loop,0.012310360558331013,0.012310239486396313,0.012309988029301167,-1.210719347000122e-07,-2.514570951461792e-07
3596,Cascade,0.0021111636888235807,0.0021107313223183155,0.002109843771904707,-4.323665052652359e-07,-8.87550413608551e-07
1191,Feedback Loop,0.005104857496917248,0.005106223747134209,0.005152333527803421,1.366250216960907e-06,4.610978066921234e-05
3871,Cascade,0.0003801112179644406,0.0003801112179644406,0.0003801112179644406,0.0,0.0
1139,Feedback Loop,0.005024399142712355,0.00502250948920846,0.003826586529612541,-1.889653503894806e-06,-0.0011959229595959187
1495,Feedback Loop,0.002161699114367366,0.002161699812859297,0.002198577392846346,6.984919309616089e-10,3.68775799870491e-05
2997,Single Input Module,0.01178103219717741,0.011780913919210434,0.011780672706663609,-1.1827796697616577e-07,-2.4121254682540894e-07
346,Feedforward Loop,0.006031237542629242,0.006031157914549112,0.00603099400177598,-7.962808012962341e-08,-1.6391277313232422e-07
2789,Single Input Module,0.00027388069429434836,0.0002738407056313008,0.0002737597387749702,-3.998866304755211e-08,-8.096685633063316e-08
2633,Single Input Module,0.00016856897855177522,0.00016819075972307473,0.0001674163358984515,-3.7821882870048285e-07,-7.744238246232271e-07
369,Feedforward Loop,0.002966656582430005,0.002964981598779559,0.002961555263027549,-1.6749836504459381e-06,-3.4263357520103455e-06
3015,Cascade,0.0002556600666139275,0.0002557865809649229,0.0002560449647717178,1.265143509954214e-07,2.583838067948818e-07
2368,Single Input Module,0.0005209894152358174,0.0005209558294154704,0.0005208884831517935,-3.3585820347070694e-08,-6.734626367688179e-08
3722,Cascade,0.002229964127764106,0.002229616278782487,0.0022289042826741934,-3.478489816188812e-07,-7.119961082935333e-07
1218,Feedback Loop,0.0052850074134767056,0.00528294499963522,0.00457363435998559,-2.062413841485977e-06,-0.0007093106396496296
15,Feedforward Loop,0.0018149727256968617,0.0018149521201848984,0.001814909977838397,-2.0605511963367462e-08,-4.21423465013504e-08
1405,Feedback Loop,0.0037911192048341036,0.0037847619969397783,0.006810639053583145,-6.357207894325256e-06,0.003025877056643367
2071,Single Input Module,0.00033260544296354055,0.0003326028527226299,0.0003325979341752827,-2.5902409106492996e-09,-4.918547347187996e-09
3816,Cascade,0.0036380041856318712,0.003638007678091526,0.0036380141973495483,3.4924596548080444e-09,6.51925802230835e-09
574,Feedforward Loop,0.006473463494330645,0.006474964786320925,0.006478034425526857,1.5012919902801514e-06,3.069639205932617e-06
1094,Feedback Loop,0.003918047528713942,0.003918064292520285,0.0039204140193760395,1.6763806343078613e-08,2.3497268557548523e-06
747,Feedforward Loop,0.0020526875741779804,0.002052708063274622,0.0020527502056211233,2.0489096641540527e-08,4.21423465013504e-08
976,Feedforward Loop,6.187669350765646e-05,6.187669350765646e-05,6.187669350765646e-05,0.0,0.0
504,Feedforward Loop,2.995048475895601e-08,3.2541798589136306e-08,3.818656324483527e-08,2.5913138301802974e-09,5.644764655698964e-09
2350,Single Input Module,0.002368493005633354,0.002368699060752988,0.002369121415540576,2.0605511963367462e-07,4.223547875881195e-07
1992,Feedback Loop,0.00503032049164176,0.005039546638727188,0.007638219743967056,9.226147085428238e-06,0.002598673105239868
3241,Cascade,0.002742623444646597,0.0027424737345427275,0.002742170821875334,-1.4971010386943817e-07,-3.029126673936844e-07
3981,Cascade,0.0015798110980540514,0.0015796541702002287,0.0015793333295732737,-1.5692785382270813e-07,-3.2084062695503235e-07
2626,Single Input Module,0.019525252282619476,0.01952541060745716,0.019525732845067978,1.5832483768463135e-07,3.2223761081695557e-07
2580,Single Input Module,0.0005875552888028324,0.0005875920178368688,0.000587667222134769,3.6729034036397934e-08,7.520429790019989e-08
1917,Feedback Loop,0.0029774061404168606,0.002982995007187128,0.004763762466609478,5.5888667702674866e-06,0.00178076745942235
2609,Single Input Module,0.00020311385742388666,0.00020319962641224265,0.00020337598107289523,8.576898835599422e-08,1.7635466065257788e-07
3087,Cascade,0.0001914153399411589,0.0001915025059133768,0.00019168073777109385,8.716597221791744e-08,1.782318577170372e-07
3389,Cascade,0.001366408891044557,0.0013666861923411489,0.0013672523200511932,2.7730129659175873e-07,5.66127710044384e-07
160,Feedforward Loop,2.8381227821228094e-05,2.8257207304704934e-05,2.80036692856811e-05,-1.2402051652316004e-07,-2.5353801902383566e-07
2558,Single Input Module,0.0016428543021902442,0.0016428803792223334,0.0016429342795163393,2.60770320892334e-08,5.390029400587082e-08
3583,Cascade,0.00024179635511245579,0.00024165357172023505,0.00024136067077051848,-1.4278339222073555e-07,-2.92900949716568e-07
983,Feedforward Loop,0.004021437838673592,0.004021736327558756,0.004022349137812853,2.9848888516426086e-07,6.128102540969849e-07
3893,Cascade,0.005971475038677454,0.005970397032797337,0.005968188401311636,-1.0780058801174164e-06,-2.2086314857006073e-06
2230,Single Input Module,0.00020092865452170372,0.00020053432672284544,0.00019972841255366802,-3.9432779885828495e-07,-8.05914169177413e-07
2298,Single Input Module,9.35795105760917e-05,9.358170791529119e-05,9.35864809434861e-05,2.1973391994833946e-09,4.773028194904327e-09
1970,Feedback Loop,0.0014902653638273478,0.0014815060421824455,0.002968754153698683,-8.75932164490223e-06,0.0014872481115162373
1653,Feedback Loop,0.006022745743393898,0.006035127677023411,0.004650496877729893,1.2381933629512787e-05,-0.001384630799293518
3336,Cascade,0.00040953917778097093,0.00040912016993388534,0.00040826277108862996,-4.1900784708559513e-07,-8.573988452553749e-07
67,Feedforward Loop,7.410221587633714e-05,7.417482993332669e-05,7.43236523703672e-05,7.261405698955059e-08,1.488224370405078e-07
1308,Feedback Loop,0.004143925849348307,0.0041526909917593,0.003305681049823761,8.765142410993576e-06,-0.0008470099419355392
3750,Cascade,0.0027016885578632355,0.0027017686516046524,0.002701935125514865,8.009374141693115e-08,1.6647391021251678e-07
3594,Cascade,0.001444642897695303,0.00144470133818686,0.0014448210131376982,5.844049155712128e-08,1.19674950838089e-07
3996,Cascade,0.0024687093682587147,0.0024688460398465395,0.002469126833602786,1.3667158782482147e-07,2.8079375624656677e-07
1245,Feedback Loop,0.003387748496606946,0.0033947222400456667,0.003861530451104045,6.973743438720703e-06,0.0004668082110583782
2093,Single Input Module,3.4881238661910174e-06,3.4881238661910174e-06,3.4881238661910174e-06,0.0,0.0
107,Feedforward Loop,0.007223218679428101,0.00722238514572382,0.007220682688057423,-8.335337042808533e-07,-1.7024576663970947e-06
2912,Single Input Module,0.00015238662308547646,0.00015230361896101385,0.00015213356527965516,-8.300412446260452e-08,-1.7005368135869503e-07
3224,Cascade,0.010440554469823837,0.010440517216920853,0.010440440848469734,-3.725290298461914e-08,-7.636845111846924e-08
3346,Cascade,0.004951538052409887,0.00495219836011529,0.004953552968800068,6.603077054023743e-07,1.3546086847782135e-06
3487,Cascade,0.004071593750268221,0.004071845207363367,0.0040723588317632675,2.514570951461792e-07,5.136243999004364e-07
3997,Cascade,0.00487151462584734,0.004871319513767958,0.004870919045060873,-1.9511207938194275e-07,-4.0046870708465576e-07
3643,Cascade,0.0026567073073238134,0.002656805096194148,0.0026570064947009087,9.778887033462524e-08,2.0139850676059723e-07
597,Feedforward Loop,0.0029388994444161654,0.0029396191239356995,0.0029410936404019594,7.19679519534111e-07,1.4745164662599564e-06
1115,Feedback Loop,0.002355109201744199,0.0023669374641031027,0.0034378559794276953,1.1828262358903885e-05,0.0010709185153245926
2107,Single Input Module,0.00041538471123203635,0.00041494640754535794,0.0004140487581025809,-4.383036866784096e-07,-8.976494427770376e-07
1740,Feedback Loop,0.00035267818020656705,0.00035162869608029723,0.000350210873875767,-1.0494841262698174e-06,-1.417822204530239e-06
3318,Cascade,5.4319774790201336e-05,5.4344520322047174e-05,5.4394942708313465e-05,2.474553184583783e-08,5.042238626629114e-08
2913,Single Input Module,0.00014097570965532213,0.00014107086462900043,0.0001412664569215849,9.515497367829084e-08,1.9559229258447886e-07
2722,Single Input Module,0.0002686919760890305,0.0002685731742531061,0.00026833091396838427,-1.1880183592438698e-07,-2.4226028472185135e-07
3255,Cascade,0.0032926795538514853,0.0032926795538514853,0.0032926795538514853,0.0,0.0
3066,Cascade,0.00368647463619709,0.0036868113093078136,0.0036875016521662474,3.366731107234955e-07,6.903428584337234e-07
129,Feedforward Loop,0.007057481911033392,0.007056829985231161,0.007055492140352726,-6.51925802230835e-07,-1.3378448784351349e-06
2473,Single Input Module,0.00014796208415646106,0.00014779320918023586,0.00014744848886039108,-1.6887497622519732e-07,-3.4472031984478235e-07
2963,Single Input Module,0.00038795225555077195,0.00038844431401230395,0.0003894541005138308,4.920584615319967e-07,1.0097865015268326e-06
2177,Single Input Module,5.4266762163024396e-05,5.418599903350696e-05,5.402071474236436e-05,-8.076312951743603e-08,-1.652842911425978e-07
1778,Feedback Loop,0.003601989708840847,0.0036014756187796593,0.004514757543802261,-5.140900611877441e-07,0.0009132819250226021
2160,Single Input Module,0.0002765165118034929,0.0002765202079899609,0.00027652786229737103,3.6961864680051804e-09,7.654307410120964e-09
975,Feedforward Loop,0.009738256223499775,0.00973750650882721,0.009735969826579094,-7.497146725654602e-07,-1.5366822481155396e-06
848,Feedforward Loop,0.003088955767452717,0.0030887722969055176,0.0030883969739079475,-1.8347054719924927e-07,-3.7532299757003784e-07
3448,Cascade,0.0032019999343901873,0.003202143358066678,0.0032024364918470383,1.434236764907837e-07,2.9313378036022186e-07
492,Feedforward Loop,0.003795984433963895,0.003795462194830179,0.003794393502175808,-5.222391337156296e-07,-1.0686926543712616e-06
734,Feedforward Loop,0.0017443184042349458,0.0017442594980821013,0.0017441380769014359,-5.8906152844429016e-08,-1.21421180665493e-07
838,Feedforward Loop,0.0004497743211686611,0.00044987956061959267,0.0004500954528339207,1.0523945093154907e-07,2.1589221432805061e-07
580,Feedforward Loop,0.005777393933385611,0.005777945276349783,0.005779073107987642,5.513429641723633e-07,1.1278316378593445e-06
1331,Feedback Loop,0.006329765077680349,0.00632575573399663,0.006132150534540415,-4.009343683719635e-06,-0.0001936051994562149
1253,Feedback Loop,0.005183517467230558,0.005120684392750263,0.0020581483840942383,-6.283307448029518e-05,-0.003062536008656025
626,Feedforward Loop,0.024913888424634933,0.02491225302219391,0.02490890398621559,-1.6354024410247803e-06,-3.3490359783172607e-06
111,Feedforward Loop,0.0006423811428248882,0.0006422678125090897,0.0006420363206416368,-1.1333031579852104e-07,-2.3149186745285988e-07
1883,Feedback Loop,0.0022190066520124674,0.002218371955677867,0.002216961933299899,-6.346963346004486e-07,-1.4100223779678345e-06
