feature,feature_idx,motif,rpb,pval,rpb_abs,p_empirical,p_fdr,significant_fdr
z132,132,in_feedforward_loop,-0.01904379300277583,0.22852466122539955,0.01904379300277583,0.202,0.2938181818181818,False
z133,133,in_feedforward_loop,0.01504636364070143,0.34141555865779716,0.01504636364070143,0.328,0.4592,False
z139,139,in_feedforward_loop,0.06797245858587289,1.6881404522902405e-05,0.06797245858587289,0.0,0.0,True
z146,146,in_feedforward_loop,0.04144166995633629,0.008759303084541375,0.04144166995633629,0.005,0.00918032786885246,True
z147,147,in_feedforward_loop,0.009602908633260274,0.5437411213316911,0.009602908633260274,0.522,0.6581573033707866,False
z149,149,in_feedforward_loop,-0.015948168080320166,0.3132626695229138,0.015948168080320166,0.31,0.43949367088607594,False
z150,150,in_feedforward_loop,-0.03451931930097159,0.029023904607523198,0.03451931930097159,0.033,0.05866666666666667,False
z155,155,in_feedforward_loop,-0.009084956809649172,0.5656867414494156,0.009084956809649172,0.577,0.7180444444444444,False
z158,158,in_feedforward_loop,0.0023445032477467428,0.8821586804305914,0.0023445032477467428,0.886,0.9613333333333334,False
z161,161,in_feedforward_loop,-0.02821920182394055,0.07433651692341267,0.02821920182394055,0.074,0.11673239436619719,False
z163,163,in_feedforward_loop,0.06983961862868009,9.821625445413872e-06,0.06983961862868009,0.0,0.0,True
z172,172,in_feedforward_loop,-0.005496757908992227,0.7281860750122586,0.005496757908992227,0.722,0.8512,False
z176,176,in_feedforward_loop,0.0358423919876481,0.023396839075769667,0.0358423919876481,0.027,0.04877419354838709,True
z185,185,in_feedforward_loop,-0.021142450555968226,0.18125610385180918,0.021142450555968226,0.178,0.26581333333333335,False
z189,189,in_feedforward_loop,-0.01146417387826481,0.46854085285408004,0.01146417387826481,0.486,0.6256551724137931,False
z192,192,in_feedforward_loop,0.0494329023881766,0.001763921896470891,0.0494329023881766,0.001,0.0021132075471698114,True
z392,392,in_feedforward_loop,-0.028472975310826012,0.07176732447152556,0.028472975310826012,0.066,0.1056,False
z398,398,in_feedforward_loop,-0.03133478841438672,0.047518067290489095,0.03133478841438672,0.045,0.07875,False
z401,401,in_feedforward_loop,-0.031129997168776506,0.048988052032638646,0.031129997168776506,0.048,0.08145454545454546,False
z410,410,in_feedforward_loop,-0.012767211223021333,0.41952254250579607,0.012767211223021333,0.436,0.579764705882353,False
z421,421,in_feedforward_loop,-0.008433716637410056,0.5938689459060319,0.008433716637410056,0.595,0.7323076923076923,False
z424,424,in_feedforward_loop,-0.028719793711121856,0.06933875558966453,0.028719793711121856,0.063,0.10226086956521739,False
z425,425,in_feedforward_loop,-0.011934640803973431,0.45048667136550824,0.011934640803973431,0.457,0.5951627906976744,False
z428,428,in_feedforward_loop,-0.026525563980731682,0.09346531377245947,0.026525563980731682,0.093,0.14075675675675675,False
z442,442,in_feedforward_loop,-0.030748640217012874,0.05182714762411426,0.030748640217012874,0.047,0.08098461538461538,False
z445,445,in_feedforward_loop,-0.012652971084558363,0.42369569489580505,0.012652971084558363,0.426,0.5748433734939759,False
z446,446,in_feedforward_loop,-0.028771502932607843,0.0688386078294642,0.028771502932607843,0.06,0.09882352941176471,False
z447,447,in_feedforward_loop,-0.030010477863742103,0.05771406645637836,0.030010477863742103,0.055,0.09194029850746269,False
z132,132,in_feedback_loop,0.2442328222355731,2.077609785808143e-55,0.2442328222355731,0.0,0.0,True
z133,133,in_feedback_loop,-0.04574429304102162,0.003806909274238291,0.04574429304102162,0.003,0.006,True
z139,139,in_feedback_loop,-0.5456556477404267,3.258947200151655e-309,0.5456556477404267,0.0,0.0,True
z146,146,in_feedback_loop,-0.30542149254781775,3.997325381276782e-87,0.30542149254781775,0.0,0.0,True
z147,147,in_feedback_loop,0.050495468119684084,0.0013999873949973249,0.050495468119684084,0.003,0.006,True
z149,149,in_feedback_loop,0.19262362643339515,9.745840658384164e-35,0.19262362643339515,0.0,0.0,True
z150,150,in_feedback_loop,0.1760105048681525,3.4004796815240545e-29,0.1760105048681525,0.0,0.0,True
z155,155,in_feedback_loop,0.13092815065476515,9.265002994187868e-17,0.13092815065476515,0.0,0.0,True
z158,158,in_feedback_loop,0.1239286324509726,3.666766829190046e-15,0.1239286324509726,0.0,0.0,True
z161,161,in_feedback_loop,0.2524687259873507,3.2985372893086806e-59,0.2524687259873507,0.0,0.0,True
z163,163,in_feedback_loop,-0.5498876895868222,5.742296546e-315,0.5498876895868222,0.0,0.0,True
z172,172,in_feedback_loop,0.1531568436067251,2.01595811327141e-22,0.1531568436067251,0.0,0.0,True
z176,176,in_feedback_loop,-0.29336712243916246,3.1829725504922146e-80,0.29336712243916246,0.0,0.0,True
z185,185,in_feedback_loop,0.18562431223021644,2.4456035702815672e-32,0.18562431223021644,0.0,0.0,True
z189,189,in_feedback_loop,0.15122655519281036,6.7928875220890875e-22,0.15122655519281036,0.0,0.0,True
z192,192,in_feedback_loop,-0.33830473936367167,1.1212805415329424e-107,0.33830473936367167,0.0,0.0,True
z392,392,in_feedback_loop,0.13016545576127536,1.396980847354045e-16,0.13016545576127536,0.0,0.0,True
z398,398,in_feedback_loop,0.14951193896263332,1.9720781617540184e-21,0.14951193896263332,0.0,0.0,True
z401,401,in_feedback_loop,0.15093438090444622,8.152878578411327e-22,0.15093438090444622,0.0,0.0,True
z410,410,in_feedback_loop,0.07488466175976691,2.123516243292108e-06,0.07488466175976691,0.0,0.0,True
z421,421,in_feedback_loop,0.07241080672514694,4.556216903557898e-06,0.07241080672514694,0.0,0.0,True
z424,424,in_feedback_loop,0.13005624776585864,1.4812939167594871e-16,0.13005624776585864,0.0,0.0,True
z425,425,in_feedback_loop,0.07463074367158852,2.299140946977392e-06,0.07463074367158852,0.0,0.0,True
z428,428,in_feedback_loop,0.11510503075508524,2.837602300399911e-13,0.11510503075508524,0.0,0.0,True
z442,442,in_feedback_loop,0.1464259611747223,1.3013215531227496e-20,0.1464259611747223,0.0,0.0,True
z445,445,in_feedback_loop,0.07518617799108403,1.931674063853577e-06,0.07518617799108403,0.0,0.0,True
z446,446,in_feedback_loop,0.13065362035273742,1.0743883794358487e-16,0.13065362035273742,0.0,0.0,True
z447,447,in_feedback_loop,0.140321336586353,4.8311938292702455e-19,0.140321336586353,0.0,0.0,True
z132,132,in_single_input_module,-0.16726554070840413,1.732278723235446e-26,0.16726554070840413,0.0,0.0,True
z133,133,in_single_input_module,0.014136982419387925,0.37139332827842464,0.014136982419387925,0.36,0.4930731707317073,False
z139,139,in_single_input_module,0.3876488929152028,1.3895136798079924e-143,0.3876488929152028,0.0,0.0,True
z146,146,in_single_input_module,0.1936130189300279,4.385455929403188e-35,0.1936130189300279,0.0,0.0,True
z147,147,in_single_input_module,-0.046597334357831845,0.0032009139492586436,0.046597334357831845,0.002,0.004148148148148148,True
z149,149,in_single_input_module,-0.12015840294766292,2.445106705768195e-14,0.12015840294766292,0.0,0.0,True
z150,150,in_single_input_module,-0.12043590899991369,2.130655740884601e-14,0.12043590899991369,0.0,0.0,True
z155,155,in_single_input_module,-0.07521902067854824,1.911812522566948e-06,0.07521902067854824,0.0,0.0,True
z158,158,in_single_input_module,-0.07270203659464869,4.169786800191623e-06,0.07270203659464869,0.0,0.0,True
z161,161,in_single_input_module,-0.1618368939044338,7.02911083172107e-25,0.1618368939044338,0.0,0.0,True
z163,163,in_single_input_module,0.38890179201471764,1.4023573755889567e-144,0.38890179201471764,0.0,0.0,True
z172,172,in_single_input_module,-0.10734173664694689,1.0004428539818599e-11,0.10734173664694689,0.0,0.0,True
z176,176,in_single_input_module,0.18669367358487643,1.0662725093288406e-32,0.18669367358487643,0.0,0.0,True
z185,185,in_single_input_module,-0.1279451424293792,4.554158152186815e-16,0.1279451424293792,0.0,0.0,True
z189,189,in_single_input_module,-0.10295838432932228,6.711074109386768e-11,0.10295838432932228,0.0,0.0,True
z192,192,in_single_input_module,0.22155805841379733,1.1375373527667325e-45,0.22155805841379733,0.0,0.0,True
z392,392,in_single_input_module,-0.07194550341151591,5.245688995514637e-06,0.07194550341151591,0.0,0.0,True
z398,398,in_single_input_module,-0.08496153545395074,7.387093666446941e-08,0.08496153545395074,0.0,0.0,True
z401,401,in_single_input_module,-0.08629013304261628,4.604113817297026e-08,0.08629013304261628,0.0,0.0,True
z410,410,in_single_input_module,-0.04727906284901971,0.0027813064875537945,0.04727906284901971,0.004,0.007593220338983051,True
z421,421,in_single_input_module,-0.045053905912894626,0.0043717059270572504,0.045053905912894626,0.005,0.00918032786885246,True
z424,424,in_single_input_module,-0.0717826544611169,5.509778244626525e-06,0.0717826544611169,0.0,0.0,True
z425,425,in_single_input_module,-0.047090364230974596,0.0028921166151686987,0.047090364230974596,0.004,0.007593220338983051,True
z428,428,in_single_input_module,-0.06165223766453994,9.551041667095724e-05,0.06165223766453994,0.0,0.0,True
z442,442,in_single_input_module,-0.0829961085834585,1.4677097770522328e-07,0.0829961085834585,0.0,0.0,True
z445,445,in_single_input_module,-0.04704065316509758,0.0029219715007710203,0.04704065316509758,0.004,0.007593220338983051,True
z446,446,in_single_input_module,-0.07248645848349966,4.452661594450503e-06,0.07248645848349966,0.0,0.0,True
z447,447,in_single_input_module,-0.07865727890222757,6.329363972003683e-07,0.07865727890222757,0.0,0.0,True
z132,132,in_cascade,0.008442267176211354,0.5934947972914825,0.008442267176211354,0.604,0.735304347826087,False
z133,133,in_cascade,0.012432933017734385,0.43180167270954595,0.012432933017734385,0.44,0.579764705882353,False
z139,139,in_cascade,-0.06650166271662693,2.56185895863127e-05,0.06650166271662693,0.0,0.0,True
z146,146,in_cascade,-0.005430564510027569,0.7313319791148256,0.005430564510027569,0.719,0.8512,False
z147,147,in_cascade,0.005779934264554637,0.7147800466265439,0.005779934264554637,0.721,0.8512,False
z149,149,in_cascade,-0.01015969145377206,0.520632288098509,0.01015969145377206,0.523,0.6581573033707866,False
z150,150,in_cascade,0.027631666482261414,0.08057362002489243,0.027631666482261414,0.082,0.1258082191780822,False
z155,155,in_cascade,-0.01849788713802193,0.2421444548346755,0.01849788713802193,0.224,0.32164102564102565,False
z158,158,in_cascade,-0.026658905009323976,0.09182858171352448,0.026658905009323976,0.08,0.12444444444444444,False
z161,161,in_cascade,0.0008957648395455254,0.9548355968083951,0.0008957648395455254,0.953,0.9792293577981651,False
z163,163,in_cascade,-0.0657643011995878,3.1477376119618724e-05,0.0657643011995878,0.0,0.0,True
z172,172,in_cascade,0.0022712443465143445,0.8858152394274965,0.0022712443465143445,0.902,0.9613333333333334,False
z176,176,in_cascade,-0.002170464432582146,0.8908494083766068,0.002170464432582146,0.881,0.9613333333333334,False
z185,185,in_cascade,0.014615566336391845,0.355418621262982,0.014615566336391845,0.361,0.4930731707317073,False
z189,189,in_cascade,0.003961735763506207,0.8022124262907104,0.003961735763506207,0.793,0.9251666666666668,False
z192,192,in_cascade,-0.020436430132148867,0.19627255264708743,0.020436430132148867,0.182,0.26821052631578945,False
z392,392,in_cascade,-0.002382463019486948,0.8802649827613029,0.002382463019486948,0.892,0.9613333333333334,False
z398,398,in_cascade,-0.0006542441319677657,0.9670048319567918,0.0006542441319677657,0.975,0.98,False
z401,401,in_cascade,-0.00039867334914917354,0.9798903026777548,0.00039867334914917354,0.98,0.98,False
z410,410,in_cascade,0.0037622340954470233,0.8119811098362086,0.0037622340954470233,0.836,0.9554285714285714,False
z421,421,in_cascade,-0.0014487610895258275,0.9270165610908373,0.0014487610895258275,0.926,0.9613333333333334,False
z424,424,in_cascade,-0.002252846475256358,0.8867339143153784,0.002252846475256358,0.899,0.9613333333333334,False
z425,425,in_cascade,0.0028825779159635904,0.855383684364933,0.0028825779159635904,0.872,0.9613333333333334,False
z428,428,in_cascade,-0.003678314784896614,0.8160991066754838,0.003678314784896614,0.814,0.9398762886597937,False
z442,442,in_cascade,-0.0008977501484182917,0.9547356049628577,0.0008977501484182917,0.963,0.98,False
z445,445,in_cascade,0.002956030996462671,0.8517407705362288,0.002956030996462671,0.859,0.9613333333333334,False
z446,446,in_cascade,-0.0017811952512603443,0.9103337632809082,0.0017811952512603443,0.927,0.9613333333333334,False
z447,447,in_cascade,-0.0016214043863049098,0.9183481975299723,0.0016214043863049098,0.919,0.9613333333333334,False
