variant,motif,feature_idx,graph_id,graph_idx,num_edges,num_motif_edges,motif_ratio,gnn_auroc,sae_auroc,gnn_auprc,sae_auprc
jumprelu,in_feedback_loop,345,4000,0,25,8,0.32,0.45588235294117646,0.3639705882352941,0.31542221055088704,0.2886111111111111
jumprelu,in_feedback_loop,345,4001,1,29,10,0.3448275862068966,0.6263157894736842,0.5973684210526315,0.4891639071283034,0.5115804597701149
jumprelu,in_feedback_loop,345,4002,2,31,18,0.5806451612903226,0.5512820512820513,0.5299145299145299,0.6044558639413263,0.5824170602396409
jumprelu,in_feedback_loop,345,4003,3,26,10,0.38461538461538464,0.44375,0.5,0.3595773670773671,0.38461538461538464
jumprelu,in_feedback_loop,345,4004,4,19,2,0.10526315789473684,0.8235294117647058,0.17647058823529416,0.3333333333333333,0.08834586466165413
jumprelu,in_feedback_loop,345,4005,5,28,10,0.35714285714285715,0.5277777777777779,0.5777777777777778,0.4715088642294525,0.4806926406926407
jumprelu,in_feedback_loop,345,4006,6,24,4,0.16666666666666666,0.75,0.5,0.32916666666666666,0.16666666666666666
jumprelu,in_feedback_loop,345,4007,7,22,6,0.2727272727272727,0.5416666666666666,0.5208333333333334,0.3432643745143745,0.2949346405228758
jumprelu,in_feedback_loop,345,4008,8,21,2,0.09523809523809523,0.7631578947368421,0.5,0.35,0.09523809523809523
jumprelu,in_feedback_loop,345,4009,9,24,2,0.08333333333333333,0.36363636363636365,0.6022727272727273,0.09761904761904762,0.14166666666666666
jumprelu,in_feedback_loop,345,4010,10,26,12,0.46153846153846156,0.24404761904761904,0.5,0.36263564973897794,0.46153846153846156
jumprelu,in_feedback_loop,345,4011,11,28,14,0.5,0.6020408163265306,0.760204081632653,0.5607385740857608,0.8009726617919894
jumprelu,in_feedback_loop,345,4012,12,22,8,0.36363636363636365,0.7410714285714286,0.5,0.5894501332001332,0.36363636363636365
jumprelu,in_feedback_loop,345,4013,13,30,12,0.4,0.7175925925925926,0.44907407407407407,0.66432267351385,0.43561507936507937
jumprelu,in_feedback_loop,345,4014,14,29,10,0.3448275862068966,0.5421052631578948,0.4368421052631579,0.4138939603070038,0.34717432950191573
jumprelu,in_feedback_loop,345,4015,15,18,6,0.3333333333333333,0.8055555555555556,0.8194444444444445,0.7027777777777777,0.6188492063492064
jumprelu,in_feedback_loop,345,4016,16,25,10,0.4,0.54,0.4266666666666667,0.43546083818142645,0.4508333333333333
jumprelu,in_feedback_loop,345,4017,17,27,8,0.2962962962962963,0.6578947368421053,0.5,0.4193253304666348,0.2962962962962963
jumprelu,in_feedback_loop,345,4018,18,22,10,0.45454545454545453,0.4666666666666666,0.39999999999999997,0.45363636363636367,0.41106060606060607
jumprelu,in_feedback_loop,345,4019,19,22,6,0.2727272727272727,0.7812500000000001,0.4375,0.4930555555555556,0.2727272727272727
jumprelu,in_feedforward_loop,443,4000,0,25,19,0.76,0.5087719298245614,0.7105263157894737,0.8036748264318738,0.8515739755148259
jumprelu,in_feedforward_loop,443,4001,1,29,28,0.9655172413793104,0.6785714285714286,0.25,0.9871382737523774,0.9559033662271783
jumprelu,in_feedforward_loop,443,4002,2,31,27,0.8709677419354839,0.21296296296296297,0.6203703703703705,0.7906825512500675,0.9248927334197474
jumprelu,in_feedforward_loop,443,4003,3,26,24,0.9230769230769231,0.3125,0.5,0.9165783778871005,0.9022303750722364
jumprelu,in_feedforward_loop,443,4004,4,19,15,0.7894736842105263,0.35,0.5,0.7113032581453633,0.8064973428131323
jumprelu,in_feedforward_loop,443,4005,5,28,25,0.8928571428571429,0.13333333333333333,0.7733333333333334,0.7954537610383215,0.9716106151666793
jumprelu,in_feedforward_loop,443,4006,6,24,23,0.9583333333333334,0.34782608695652173,0.5652173913043478,0.9663372859025032,0.9777024349022598
jumprelu,in_feedforward_loop,443,4007,7,22,16,0.7272727272727273,0.5,0.44791666666666663,0.7272727272727273,0.7244369209007365
jumprelu,in_feedforward_loop,443,4008,8,21,15,0.7142857142857143,0.31666666666666665,0.48888888888888893,0.6857142857142857,0.7101388263152969
jumprelu,in_feedforward_loop,443,4009,9,24,19,0.7916666666666666,0.731578947368421,0.7157894736842105,0.9070893588695443,0.9125100208935959
jumprelu,in_feedforward_loop,443,4010,10,26,20,0.7692307692307693,0.375,0.7208333333333333,0.7369560120392165,0.8856292948948421
jumprelu,in_feedforward_loop,443,4011,11,28,27,0.9642857142857143,0.2222222222222222,0.8888888888888888,0.950731707702251,0.996031746031746
jumprelu,in_feedforward_loop,443,4012,12,22,12,0.5454545454545454,0.5249999999999999,0.5166666666666667,0.5430325393560688,0.6089573559968298
jumprelu,in_feedforward_loop,443,4013,13,30,29,0.9666666666666667,0.10344827586206896,0.896551724137931,0.9341205388862172,0.9964299869769546
jumprelu,in_feedforward_loop,443,4014,14,29,26,0.896551724137931,0.7948717948717949,0.7435897435897436,0.9745287231394582,0.9689097081893395
jumprelu,in_feedforward_loop,443,4015,15,18,11,0.6111111111111112,0.48701298701298706,0.2857142857142857,0.670477502295684,0.5309667530924216
jumprelu,in_feedforward_loop,443,4016,16,25,20,0.8,0.6499999999999999,0.74,0.8907833293727258,0.9022825180476782
jumprelu,in_feedforward_loop,443,4017,17,27,21,0.7777777777777778,0.4285714285714286,0.5873015873015873,0.7554231679176394,0.8681334679087214
jumprelu,in_feedforward_loop,443,4019,18,22,17,0.7727272727272727,0.6941176470588235,0.6588235294117646,0.8868397941927355,0.8638468893659206
jumprelu,in_feedforward_loop,443,4021,19,33,32,0.9696969696969697,0.53125,0.46875,0.9814471828892739,0.9778728364840451
jumprelu,in_single_input_module,345,4003,0,26,3,0.11538461538461539,0.38405797101449274,0.5,0.23687423687423687,0.11538461538461539
jumprelu,in_single_input_module,345,4004,1,19,4,0.21052631578947367,0.5833333333333333,0.45000000000000007,0.43859649122807015,0.24365721997300943
jumprelu,in_single_input_module,345,4005,2,28,4,0.14285714285714285,0.65625,0.5729166666666666,0.4788961038961039,0.251984126984127
jumprelu,in_single_input_module,345,4006,3,24,5,0.20833333333333334,0.5421052631578948,0.5,0.325,0.20833333333333334
jumprelu,in_single_input_module,345,4007,4,22,5,0.22727272727272727,0.5,0.5176470588235295,0.22727272727272727,0.38424242424242416
jumprelu,in_single_input_module,345,4008,5,21,4,0.19047619047619047,0.3529411764705882,0.5,0.19047619047619047,0.19047619047619047
jumprelu,in_single_input_module,345,4009,6,24,6,0.25,0.6111111111111112,0.5740740740740741,0.4549237312395207,0.41666666666666663
jumprelu,in_single_input_module,345,4011,7,28,4,0.14285714285714285,0.5,0.39583333333333337,0.14285714285714285,0.14047619047619048
jumprelu,in_single_input_module,345,4013,8,30,5,0.16666666666666666,0.484,0.608,0.25,0.32121212121212117
jumprelu,in_single_input_module,345,4014,9,29,3,0.10344827586206896,0.5641025641025641,0.46153846153846156,0.18393939393939393,0.18007662835249044
jumprelu,in_single_input_module,345,4015,10,18,3,0.16666666666666666,0.5,0.17777777777777776,0.16666666666666666,0.14141414141414144
jumprelu,in_single_input_module,345,4017,11,27,4,0.14814814814814814,0.5380434782608696,0.5,0.3912037037037037,0.14814814814814814
jumprelu,in_single_input_module,345,4018,12,22,4,0.18181818181818182,0.5,0.6875000000000001,0.18181818181818182,0.3475378787878788
jumprelu,in_single_input_module,345,4020,13,31,3,0.0967741935483871,0.38095238095238093,0.369047619047619,0.10104113329919781,0.09784946236559142
jumprelu,in_single_input_module,345,4021,14,33,3,0.09090909090909091,0.37777777777777777,0.5,0.09259259259259259,0.09090909090909091
jumprelu,in_single_input_module,345,4022,15,24,4,0.16666666666666666,0.61875,0.5625,0.45984848484848484,0.26666666666666666
jumprelu,in_single_input_module,345,4023,16,30,3,0.1,0.2222222222222222,0.49382716049382713,0.1,0.12286324786324787
jumprelu,in_single_input_module,345,4025,17,27,5,0.18518518518518517,0.5363636363636364,0.6272727272727273,0.37976190476190474,0.39121693121693124
jumprelu,in_single_input_module,345,4026,18,27,3,0.1111111111111111,0.3611111111111111,0.22916666666666666,0.1102971102971103,0.09368191721132897
jumprelu,in_single_input_module,345,4028,19,24,4,0.16666666666666666,0.4,0.5625,0.15625,0.21028971028971027
jumprelu,in_cascade,443,4000,0,25,11,0.44,0.3961038961038961,0.19480519480519481,0.41161848471445994,0.31920035666869323
jumprelu,in_cascade,443,4001,1,29,8,0.27586206896551724,0.6785714285714285,0.30952380952380953,0.5645247754274123,0.21995200797710387
jumprelu,in_cascade,443,4002,2,31,4,0.12903225806451613,0.6203703703703705,0.6018518518518519,0.18657078215901746,0.24262820512820513
jumprelu,in_cascade,443,4003,3,26,7,0.2692307692307692,0.4398496240601504,0.5037593984962406,0.2613894975239513,0.34034013605442176
jumprelu,in_cascade,443,4004,4,19,7,0.3684210526315789,0.5595238095238095,0.5833333333333333,0.48433583959899745,0.46008812615955474
jumprelu,in_cascade,443,4005,5,28,9,0.32142857142857145,0.368421052631579,0.4210526315789474,0.2924729537773016,0.3796259968126976
jumprelu,in_cascade,443,4006,6,24,13,0.5416666666666666,0.43006993006993016,0.458041958041958,0.5819735819735818,0.6357285876516645
jumprelu,in_cascade,443,4007,7,22,10,0.45454545454545453,0.5,0.22499999999999998,0.45454545454545453,0.3433129452247099
jumprelu,in_cascade,443,4008,8,21,14,0.6666666666666666,0.6632653061224489,0.47959183673469385,0.7542364381650096,0.7453294954345373
jumprelu,in_cascade,443,4009,9,24,15,0.625,0.5259259259259259,0.5925925925925926,0.7138070263070262,0.7807252127904302
jumprelu,in_cascade,443,4011,10,28,6,0.21428571428571427,0.1818181818181818,0.23484848484848483,0.15590549801076117,0.16520541549953316
jumprelu,in_cascade,443,4012,11,22,11,0.5,0.3553719008264463,0.40495867768595045,0.5192957369427957,0.4569603376421558
jumprelu,in_cascade,443,4013,12,30,11,0.36666666666666664,0.36363636363636365,0.29186602870813394,0.3867415412869958,0.35394421777114404
jumprelu,in_cascade,443,4014,13,29,12,0.41379310344827586,0.49019607843137253,0.35784313725490197,0.4197890958020269,0.3474168294343733
jumprelu,in_cascade,443,4015,14,18,3,0.16666666666666666,0.15555555555555556,0.5333333333333333,0.1388888888888889,0.2222222222222222
jumprelu,in_cascade,443,4016,15,25,9,0.36,0.4444444444444444,0.5208333333333334,0.3799891141996405,0.38848788087918523
jumprelu,in_cascade,443,4017,16,27,11,0.4074074074074074,0.65625,0.45738636363636365,0.602312373702748,0.4399922732613416
jumprelu,in_cascade,443,4019,17,22,15,0.6818181818181818,0.23809523809523808,0.48095238095238096,0.5722064972064972,0.6979339396986455
jumprelu,in_cascade,443,4020,18,31,6,0.1935483870967742,0.4,0.30666666666666664,0.17374309021168105,0.16093958414592452
jumprelu,in_cascade,443,4021,19,33,7,0.21212121212121213,0.6483516483516483,0.5,0.35327380952380955,0.2367545119084528
topk,in_feedback_loop,52,4000,0,25,8,0.32,0.7058823529411764,0.6139705882352942,0.6575396825396825,0.48333333333333334
topk,in_feedback_loop,52,4001,1,29,10,0.3448275862068966,0.5736842105263158,0.6815789473684211,0.3773867208306568,0.6023618313023938
topk,in_feedback_loop,52,4002,2,31,18,0.5806451612903226,0.8076923076923077,0.6602564102564102,0.8608592741411201,0.6824210599394528
topk,in_feedback_loop,52,4003,3,26,10,0.38461538461538464,0.625,0.45,0.5861639392599144,0.4358974358974359
topk,in_feedback_loop,52,4004,4,19,2,0.10526315789473684,0.8235294117647058,0.8823529411764706,0.625,0.45
topk,in_feedback_loop,52,4005,5,28,10,0.35714285714285715,0.5333333333333333,0.5944444444444446,0.39087899029075496,0.47200845722904544
topk,in_feedback_loop,52,4006,6,24,4,0.16666666666666666,0.875,0.35,0.7048611111111112,0.15625
topk,in_feedback_loop,52,4007,7,22,6,0.2727272727272727,0.5104166666666666,0.5,0.3353084415584416,0.2727272727272727
topk,in_feedback_loop,52,4008,8,21,2,0.09523809523809523,0.6578947368421053,0.5,0.19090909090909092,0.09523809523809523
topk,in_feedback_loop,52,4009,9,24,2,0.08333333333333333,0.25,0.5795454545454546,0.08095238095238094,0.20833333333333331
topk,in_feedback_loop,52,4010,10,26,12,0.46153846153846156,0.3928571428571429,0.5595238095238095,0.4920570657412763,0.6150113775113776
topk,in_feedback_loop,52,4011,11,28,14,0.5,0.5102040816326531,0.6760204081632653,0.5778987121164255,0.6868015154779861
topk,in_feedback_loop,52,4012,12,22,8,0.36363636363636365,0.7589285714285714,0.5,0.5945172882672883,0.36363636363636365
topk,in_feedback_loop,52,4013,13,30,12,0.4,0.4629629629629629,0.5740740740740741,0.4580978888576928,0.5113371990210226
topk,in_feedback_loop,52,4014,14,29,10,0.3448275862068966,0.46842105263157896,0.531578947368421,0.5045509404388714,0.41406759906759905
topk,in_feedback_loop,52,4015,15,18,6,0.3333333333333333,0.5833333333333333,0.7777777777777778,0.4163359788359788,0.6749999999999999
topk,in_feedback_loop,52,4016,16,25,10,0.4,0.5333333333333333,0.5966666666666667,0.6181125739249308,0.5549999999999999
topk,in_feedback_loop,52,4017,17,27,8,0.2962962962962963,0.5657894736842106,0.5723684210526316,0.3466709015622059,0.33191548948127897
topk,in_feedback_loop,52,4018,18,22,10,0.45454545454545453,0.49999999999999994,0.3583333333333334,0.5636363636363636,0.4015347642553525
topk,in_feedback_loop,52,4019,19,22,6,0.2727272727272727,0.7291666666666667,0.7604166666666667,0.41865079365079366,0.6603535353535352
topk,in_feedforward_loop,52,4000,0,25,19,0.76,0.5263157894736842,0.32456140350877194,0.8283653073611521,0.7294736842105263
topk,in_feedforward_loop,52,4001,1,29,28,0.9655172413793104,0.07142857142857142,0.21428571428571427,0.9241237621877221,0.9525584417546034
topk,in_feedforward_loop,52,4002,2,31,27,0.8709677419354839,0.4907407407407407,0.6481481481481481,0.8941665958718827,0.9347244760529712
topk,in_feedforward_loop,52,4003,3,26,24,0.9230769230769231,0.3333333333333333,0.7916666666666667,0.9067694368281592,0.967948717948718
topk,in_feedforward_loop,52,4004,4,19,15,0.7894736842105263,0.55,0.3833333333333333,0.8736842105263158,0.7845029239766081
topk,in_feedforward_loop,52,4005,5,28,25,0.8928571428571429,0.48000000000000004,0.41333333333333333,0.8823781967677108,0.8979253408860626
topk,in_feedforward_loop,52,4006,6,24,23,0.9583333333333334,0.08695652173913043,0.7391304347826086,0.9230488110922894,0.9782608695652172
topk,in_feedforward_loop,52,4007,7,22,16,0.7272727272727273,0.5,0.5,0.7272727272727273,0.7272727272727273
topk,in_feedforward_loop,52,4008,8,21,15,0.7142857142857143,0.3055555555555555,0.5,0.6746031746031746,0.7142857142857143
topk,in_feedforward_loop,52,4009,9,24,19,0.7916666666666666,0.763157894736842,0.736842105263158,0.9247794173490766,0.9078947368421051
topk,in_feedforward_loop,52,4010,10,26,20,0.7692307692307693,0.24166666666666664,0.6125,0.6972851273683318,0.8850370353330881
topk,in_feedforward_loop,52,4011,11,28,27,0.9642857142857143,0.5185185185185185,0.8518518518518519,0.9775973317900974,0.9894179894179893
topk,in_feedforward_loop,52,4012,12,22,12,0.5454545454545454,0.5583333333333333,0.5,0.5706273165831989,0.5454545454545454
topk,in_feedforward_loop,52,4013,13,30,29,0.9666666666666667,0.6206896551724138,1.0,0.9846173086727807,0.9999999999999998
topk,in_feedforward_loop,52,4014,14,29,26,0.896551724137931,0.6025641025641025,0.8205128205128205,0.9489323250969678,0.9787556027095872
topk,in_feedforward_loop,52,4015,15,18,11,0.6111111111111112,0.474025974025974,0.6168831168831168,0.674470226742954,0.7295815295815297
topk,in_feedforward_loop,52,4016,16,25,20,0.8,0.76,0.625,0.9347993353806721,0.8500000000000003
topk,in_feedforward_loop,52,4017,17,27,21,0.7777777777777778,0.23015873015873017,0.3571428571428571,0.6794479682207313,0.7926953476765508
topk,in_feedforward_loop,52,4019,18,22,17,0.7727272727272727,0.7294117647058824,0.5470588235294118,0.9002567693744165,0.8529411764705883
topk,in_feedforward_loop,52,4021,19,33,32,0.9696969696969697,0.78125,0.71875,0.9926756715773593,0.9911742424242425
topk,in_single_input_module,52,4003,0,26,3,0.11538461538461539,0.45652173913043476,0.5072463768115942,0.2467948717948718,0.14163614163614163
topk,in_single_input_module,52,4004,1,19,4,0.21052631578947367,0.5833333333333333,0.5833333333333334,0.3302631578947368,0.27192982456140347
topk,in_single_input_module,52,4005,2,28,4,0.14285714285714285,0.49999999999999994,0.5208333333333334,0.38975155279503104,0.2299498746867168
topk,in_single_input_module,52,4006,3,24,5,0.20833333333333334,0.43684210526315786,0.6736842105263159,0.19801587301587303,0.569047619047619
topk,in_single_input_module,52,4007,4,22,5,0.22727272727272727,0.5,0.5,0.22727272727272727,0.22727272727272727
topk,in_single_input_module,52,4008,5,21,4,0.19047619047619047,0.3529411764705882,0.5,0.19047619047619047,0.19047619047619047
topk,in_single_input_module,52,4009,6,24,6,0.25,0.4537037037037037,0.5694444444444444,0.26661220043572986,0.4464285714285714
topk,in_single_input_module,52,4011,7,28,4,0.14285714285714285,0.5,0.38541666666666663,0.14285714285714285,0.14285714285714285
topk,in_single_input_module,52,4013,8,30,5,0.16666666666666666,0.628,0.744,0.3070588235294118,0.3625258799171842
topk,in_single_input_module,52,4014,9,29,3,0.10344827586206896,0.5128205128205128,0.7307692307692307,0.19162640901771336,0.2722222222222222
topk,in_single_input_module,52,4015,10,18,3,0.16666666666666666,0.5,0.16666666666666669,0.16666666666666666,0.16666666666666666
topk,in_single_input_module,52,4017,11,27,4,0.14814814814814814,0.4293478260869565,0.6195652173913044,0.15438700732818378,0.3406084656084656
topk,in_single_input_module,52,4018,12,22,4,0.18181818181818182,0.5,0.4027777777777778,0.18181818181818182,0.20340909090909093
topk,in_single_input_module,52,4020,13,31,3,0.0967741935483871,0.41666666666666663,0.5,0.11955965181771633,0.0967741935483871
topk,in_single_input_module,52,4021,14,33,3,0.09090909090909091,0.4888888888888889,0.7222222222222222,0.11913884327677432,0.19345238095238093
topk,in_single_input_module,52,4022,15,24,4,0.16666666666666666,0.18125000000000002,0.33125000000000004,0.1247132253711201,0.15625
topk,in_single_input_module,52,4023,16,30,3,0.1,0.2222222222222222,0.2962962962962963,0.1,0.1
topk,in_single_input_module,52,4025,17,27,5,0.18518518518518517,0.5818181818181818,0.18181818181818182,0.2506211180124224,0.13736772486772486
topk,in_single_input_module,52,4026,18,27,3,0.1111111111111111,0.3055555555555555,0.6319444444444444,0.11044973544973545,0.2148148148148148
topk,in_single_input_module,52,4028,19,24,4,0.16666666666666666,0.38749999999999996,0.475,0.1530448717948718,0.3717948717948718
topk,in_cascade,52,4000,0,25,11,0.44,0.3246753246753247,0.5162337662337663,0.37416568280204643,0.4472727272727273
topk,in_cascade,52,4001,1,29,8,0.27586206896551724,0.39880952380952384,0.45833333333333337,0.24742536565675644,0.27732113221464133
topk,in_cascade,52,4002,2,31,4,0.12903225806451613,0.5092592592592593,0.4444444444444445,0.17578345567476,0.15023041474654378
topk,in_cascade,52,4003,3,26,7,0.2692307692307692,0.5451127819548872,0.4586466165413534,0.35148619496445577,0.2546857904000761
topk,in_cascade,52,4004,4,19,7,0.3684210526315789,0.4880952380952381,0.5833333333333333,0.37481203007518793,0.4962406015037593
topk,in_cascade,52,4005,5,28,9,0.32142857142857145,0.3450292397660819,0.43274853801169594,0.3294573524525216,0.3936938305359358
topk,in_cascade,52,4006,6,24,13,0.5416666666666666,0.5,0.6083916083916083,0.636050061050061,0.6728937728937727
topk,in_cascade,52,4007,7,22,10,0.45454545454545453,0.5,0.5,0.45454545454545453,0.45454545454545453
topk,in_cascade,52,4008,8,21,14,0.6666666666666666,0.7346938775510204,0.5,0.8684226021410895,0.6666666666666666
topk,in_cascade,52,4009,9,24,15,0.625,0.3851851851851852,0.28148148148148144,0.571968211527035,0.6051707551707551
topk,in_cascade,52,4011,10,28,6,0.21428571428571427,0.4696969696969697,0.42424242424242425,0.3148496240601504,0.2509607351712615
topk,in_cascade,52,4012,11,22,11,0.5,0.2892561983471075,0.5,0.41362173180355,0.5
topk,in_cascade,52,4013,12,30,11,0.36666666666666664,0.30143540669856456,0.38516746411483255,0.376665599764879,0.3886211898137753
topk,in_cascade,52,4014,13,29,12,0.41379310344827586,0.5490196078431373,0.5686274509803921,0.4804077082337952,0.5313832709623785
topk,in_cascade,52,4015,14,18,3,0.16666666666666666,0.2444444444444444,0.4444444444444444,0.1527777777777778,0.2777777777777778
topk,in_cascade,52,4016,15,25,9,0.36,0.7152777777777778,0.5034722222222222,0.6107160813043166,0.36148148148148146
topk,in_cascade,52,4017,16,27,11,0.4074074074074074,0.5994318181818182,0.5454545454545454,0.5207447434720163,0.5247106923577511
topk,in_cascade,52,4019,17,22,15,0.6818181818181818,0.29523809523809524,0.30000000000000004,0.6028454878454877,0.6107936507936508
topk,in_cascade,52,4020,18,31,6,0.1935483870967742,0.5066666666666667,0.5,0.22121483143342227,0.1935483870967742
topk,in_cascade,52,4021,19,33,7,0.21212121212121213,0.43956043956043955,0.27197802197802196,0.21411965530629126,0.16811405985319028
switch,in_feedback_loop,0,4000,0,25,8,0.32,0.5882352941176471,0.5,0.4699585137085137,0.32
switch,in_feedback_loop,0,4001,1,29,10,0.3448275862068966,0.4789473684210527,0.5,0.3440856034529477,0.3448275862068966
switch,in_feedback_loop,0,4002,2,31,18,0.5806451612903226,0.6794871794871795,0.4700854700854701,0.7171896104984341,0.6662352986207994
switch,in_feedback_loop,0,4003,3,26,10,0.38461538461538464,0.575,0.5,0.5137942022381382,0.38461538461538464
switch,in_feedback_loop,0,4004,4,19,2,0.10526315789473684,0.8823529411764706,0.5,0.45,0.10526315789473684
switch,in_feedback_loop,0,4005,5,28,10,0.35714285714285715,0.3833333333333333,0.5,0.3142366522366522,0.35714285714285715
switch,in_feedback_loop,0,4006,6,24,4,0.16666666666666666,0.8374999999999999,0.5,0.5515873015873016,0.16666666666666666
switch,in_feedback_loop,0,4007,7,22,6,0.2727272727272727,0.6875,0.734375,0.5363247863247863,0.5806397306397306
switch,in_feedback_loop,0,4008,8,21,2,0.09523809523809523,0.21052631578947367,0.5,0.08834586466165413,0.09523809523809523
switch,in_feedback_loop,0,4009,9,24,2,0.08333333333333333,0.6363636363636364,0.5,0.22916666666666666,0.08333333333333333
switch,in_feedback_loop,0,4010,10,26,12,0.46153846153846156,0.36904761904761907,0.5,0.4203525641025641,0.46153846153846156
switch,in_feedback_loop,0,4011,11,28,14,0.5,0.6683673469387755,0.7346938775510203,0.6574836300236757,0.787878612983655
switch,in_feedback_loop,0,4012,12,22,8,0.36363636363636365,0.5982142857142857,0.5,0.5362333529903189,0.36363636363636365
switch,in_feedback_loop,0,4013,13,30,12,0.4,0.4907407407407407,0.6342592592592592,0.38567465249387445,0.5645833333333333
switch,in_feedback_loop,0,4014,14,29,10,0.3448275862068966,0.3263157894736842,0.42105263157894735,0.3575541871921182,0.3213227433486054
switch,in_feedback_loop,0,4015,15,18,6,0.3333333333333333,0.8333333333333334,0.5,0.7827380952380952,0.3333333333333333
switch,in_feedback_loop,0,4016,16,25,10,0.4,0.31333333333333335,0.5,0.3206999865123435,0.4
switch,in_feedback_loop,0,4017,17,27,8,0.2962962962962963,0.38815789473684215,0.5,0.2584085511675026,0.2962962962962963
switch,in_feedback_loop,0,4018,18,22,10,0.45454545454545453,0.4833333333333333,0.5,0.5136363636363637,0.45454545454545453
switch,in_feedback_loop,0,4019,19,22,6,0.2727272727272727,0.6770833333333334,0.5,0.3869348244348244,0.2727272727272727
switch,in_feedforward_loop,0,4000,0,25,19,0.76,0.6140350877192983,0.5,0.865209614946457,0.76
switch,in_feedforward_loop,0,4001,1,29,28,0.9655172413793104,0.7857142857142857,0.5,0.9920151256789188,0.9655172413793104
switch,in_feedforward_loop,0,4002,2,31,27,0.8709677419354839,0.5648148148148149,0.8148148148148149,0.9202184068270751,0.968533301868024
switch,in_feedforward_loop,0,4003,3,26,24,0.9230769230769231,0.08333333333333333,0.5,0.8296210065547291,0.9230769230769231
switch,in_feedforward_loop,0,4004,4,19,15,0.7894736842105263,0.41666666666666663,0.5,0.7768588137009189,0.7894736842105263
switch,in_feedforward_loop,0,4005,5,28,25,0.8928571428571429,0.5066666666666666,0.5,0.8963795111829438,0.8928571428571429
switch,in_feedforward_loop,0,4006,6,24,23,0.9583333333333334,0.2608695652173913,0.5,0.9560715854194114,0.9583333333333334
switch,in_feedforward_loop,0,4007,7,22,16,0.7272727272727273,0.5,0.7916666666666667,0.7272727272727273,0.9119994588744589
switch,in_feedforward_loop,0,4008,8,21,15,0.7142857142857143,0.3388888888888889,0.5,0.7301587301587301,0.7142857142857143
switch,in_feedforward_loop,0,4009,9,24,19,0.7916666666666666,0.8894736842105262,0.5,0.9671052631578947,0.7916666666666666
switch,in_feedforward_loop,0,4010,10,26,20,0.7692307692307693,0.3833333333333333,0.5,0.7818802544634589,0.7692307692307693
switch,in_feedforward_loop,0,4011,11,28,27,0.9642857142857143,0.8518518518518519,0.5185185185185185,0.9945502645502644,0.9809562713974479
switch,in_feedforward_loop,0,4012,12,22,12,0.5454545454545454,0.7,0.5,0.7182524590419327,0.5454545454545454
switch,in_feedforward_loop,0,4013,13,30,29,0.9666666666666667,0.3793103448275862,0.6896551724137931,0.9692887231923324,0.9793103448275859
switch,in_feedforward_loop,0,4014,14,29,26,0.896551724137931,0.7820512820512822,0.7948717948717948,0.9629812115660065,0.9742958191234051
switch,in_feedforward_loop,0,4015,15,18,11,0.6111111111111112,0.3961038961038961,0.5,0.609499086771814,0.6111111111111112
switch,in_feedforward_loop,0,4016,16,25,20,0.8,0.62,0.5,0.8903558401952365,0.8
switch,in_feedforward_loop,0,4017,17,27,21,0.7777777777777778,0.380952380952381,0.5,0.7326343570771776,0.7777777777777778
switch,in_feedforward_loop,0,4019,18,22,17,0.7727272727272727,0.6,0.5,0.7821946027828381,0.7727272727272727
switch,in_feedforward_loop,0,4021,19,33,32,0.9696969696969697,0.5,0.3125,0.9797110717781627,0.9665962224730561
switch,in_single_input_module,0,4003,0,26,3,0.11538461538461539,0.38405797101449274,0.5,0.12311762311762312,0.11538461538461539
switch,in_single_input_module,0,4004,1,19,4,0.21052631578947367,0.6,0.5,0.35526315789473684,0.21052631578947367
switch,in_single_input_module,0,4005,2,28,4,0.14285714285714285,0.3645833333333333,0.5,0.13392857142857142,0.14285714285714285
switch,in_single_input_module,0,4006,3,24,5,0.20833333333333334,0.531578947368421,0.5,0.30500000000000005,0.20833333333333334
switch,in_single_input_module,0,4007,4,22,5,0.22727272727272727,0.5,0.31176470588235294,0.22727272727272727,0.21493506493506492
switch,in_single_input_module,0,4008,5,21,4,0.19047619047619047,0.3529411764705882,0.5,0.19047619047619047,0.19047619047619047
switch,in_single_input_module,0,4009,6,24,6,0.25,0.7222222222222222,0.5,0.3978174603174604,0.25
switch,in_single_input_module,0,4011,7,28,4,0.14285714285714285,0.5,0.4166666666666667,0.14285714285714285,0.14466089466089466
switch,in_single_input_module,0,4013,8,30,5,0.16666666666666666,0.356,0.44799999999999995,0.14502164502164502,0.15636363636363637
switch,in_single_input_module,0,4014,9,29,3,0.10344827586206896,0.6025641025641026,0.6153846153846154,0.15604575163398693,0.17857142857142858
switch,in_single_input_module,0,4015,10,18,3,0.16666666666666666,0.5,0.5,0.16666666666666666,0.16666666666666666
switch,in_single_input_module,0,4017,11,27,4,0.14814814814814814,0.375,0.5,0.14404461279461278,0.14814814814814814
switch,in_single_input_module,0,4018,12,22,4,0.18181818181818182,0.5,0.5,0.18181818181818182,0.18181818181818182
switch,in_single_input_module,0,4020,13,31,3,0.0967741935483871,0.36904761904761907,0.5,0.10765488991295444,0.0967741935483871
switch,in_single_input_module,0,4021,14,33,3,0.09090909090909091,0.4222222222222222,0.5111111111111111,0.1289272030651341,0.11481481481481481
switch,in_single_input_module,0,4022,15,24,4,0.16666666666666666,0.24375000000000002,0.5,0.1340909090909091,0.16666666666666666
switch,in_single_input_module,0,4023,16,30,3,0.1,0.2222222222222222,0.3888888888888889,0.1,0.1
switch,in_single_input_module,0,4025,17,27,5,0.18518518518518517,0.36363636363636365,0.31818181818181823,0.1998702638950317,0.17314814814814813
switch,in_single_input_module,0,4026,18,27,3,0.1111111111111111,0.5138888888888888,0.3958333333333333,0.2542857142857143,0.1111111111111111
switch,in_single_input_module,0,4028,19,24,4,0.16666666666666666,0.5125,0.5,0.3833333333333333,0.16666666666666666
switch,in_cascade,0,4000,0,25,11,0.44,0.25974025974025977,0.5,0.3418151022914603,0.44
switch,in_cascade,0,4001,1,29,8,0.27586206896551724,0.3035714285714286,0.5,0.25655427406177034,0.27586206896551724
switch,in_cascade,0,4002,2,31,4,0.12903225806451613,0.638888888888889,0.5555555555555556,0.2019905533063428,0.19365468409586056
switch,in_cascade,0,4003,3,26,7,0.2692307692307692,0.2593984962406015,0.5,0.2080039008610437,0.2692307692307692
switch,in_cascade,0,4004,4,19,7,0.3684210526315789,0.44047619047619047,0.5,0.34062835660580015,0.3684210526315789
switch,in_cascade,0,4005,5,28,9,0.32142857142857145,0.368421052631579,0.5,0.30745588833824133,0.32142857142857145
switch,in_cascade,0,4006,6,24,13,0.5416666666666666,0.43706293706293714,0.5,0.5608197358197358,0.5416666666666666
switch,in_cascade,0,4007,7,22,10,0.45454545454545453,0.5,0.3375,0.45454545454545453,0.4199467199467199
switch,in_cascade,0,4008,8,21,14,0.6666666666666666,0.6020408163265306,0.5,0.6962148962148963,0.6666666666666666
switch,in_cascade,0,4009,9,24,15,0.625,0.43703703703703706,0.5,0.6302645502645502,0.625
switch,in_cascade,0,4011,10,28,6,0.21428571428571427,0.34848484848484845,0.38636363636363635,0.324223602484472,0.19464285714285715
switch,in_cascade,0,4012,11,22,11,0.5,0.23966942148760328,0.5,0.4146483633325739,0.5
switch,in_cascade,0,4013,12,30,11,0.36666666666666664,0.4832535885167464,0.5454545454545455,0.5083333333333333,0.3984651711924439
switch,in_cascade,0,4014,13,29,12,0.41379310344827586,0.5098039215686274,0.4558823529411765,0.45856176006431765,0.424212589901311
switch,in_cascade,0,4015,14,18,3,0.16666666666666666,0.39999999999999997,0.5,0.4444444444444444,0.16666666666666666
switch,in_cascade,0,4016,15,25,9,0.36,0.5,0.5,0.36401961131287647,0.36
switch,in_cascade,0,4017,16,27,11,0.4074074074074074,0.4914772727272727,0.5,0.47230138667625665,0.4074074074074074
switch,in_cascade,0,4019,17,22,15,0.6818181818181818,0.4285714285714286,0.5,0.6862626262626262,0.6818181818181818
switch,in_cascade,0,4020,18,31,6,0.1935483870967742,0.5933333333333333,0.5,0.4109578777747658,0.1935483870967742
switch,in_cascade,0,4021,19,33,7,0.21212121212121213,0.5604395604395604,0.3571428571428571,0.3481683447121235,0.18686059518356843
gated,in_feedback_loop,367,4000,0,25,8,0.32,0.7205882352941176,0.5,0.5367327117327116,0.32
gated,in_feedback_loop,367,4001,1,29,10,0.3448275862068966,0.8,0.6578947368421053,0.7208349493643611,0.524264940040802
gated,in_feedback_loop,367,4002,2,31,18,0.5806451612903226,0.5726495726495726,0.5,0.6547354135044829,0.5806451612903226
gated,in_feedback_loop,367,4003,3,26,10,0.38461538461538464,0.725,0.5,0.5746428571428571,0.38461538461538464
gated,in_feedback_loop,367,4004,4,19,2,0.10526315789473684,0.9411764705882353,0.6029411764705882,0.75,0.17763157894736842
gated,in_feedback_loop,367,4005,5,28,10,0.35714285714285715,0.5277777777777778,0.6888888888888889,0.40167433824756477,0.5885090399796282
gated,in_feedback_loop,367,4006,6,24,4,0.16666666666666666,0.7875,0.5,0.35158730158730156,0.16666666666666666
gated,in_feedback_loop,367,4007,7,22,6,0.2727272727272727,0.53125,0.5,0.30305245436824385,0.2727272727272727
gated,in_feedback_loop,367,4008,8,21,2,0.09523809523809523,0.6315789473684211,0.5,0.1736111111111111,0.09523809523809523
gated,in_feedback_loop,367,4009,9,24,2,0.08333333333333333,0.8409090909090909,0.5795454545454546,0.375,0.20833333333333331
gated,in_feedback_loop,367,4010,10,26,12,0.46153846153846156,0.24404761904761907,0.5,0.37441319000916523,0.46153846153846156
gated,in_feedback_loop,367,4011,11,28,14,0.5,0.5867346938775511,0.5,0.6416015870911261,0.5
gated,in_feedback_loop,367,4012,12,22,8,0.36363636363636365,0.8660714285714285,0.5,0.8337121212121212,0.36363636363636365
gated,in_feedback_loop,367,4013,13,30,12,0.4,0.662037037037037,0.5416666666666667,0.5726119153750733,0.4342948717948718
gated,in_feedback_loop,367,4014,14,29,10,0.3448275862068966,0.5842105263157895,0.48421052631578954,0.4190369352869353,0.3274507389162562
gated,in_feedback_loop,367,4015,15,18,6,0.3333333333333333,0.7777777777777779,0.5,0.6584045584045584,0.3333333333333333
gated,in_feedback_loop,367,4016,16,25,10,0.4,0.7533333333333333,0.5833333333333334,0.6372759103641455,0.4716666666666666
gated,in_feedback_loop,367,4017,17,27,8,0.2962962962962963,0.6776315789473684,0.5921052631578947,0.4979385198135198,0.37496843434343435
gated,in_feedback_loop,367,4018,18,22,10,0.45454545454545453,0.4583333333333333,0.5,0.436969696969697,0.45454545454545453
gated,in_feedback_loop,367,4019,19,22,6,0.2727272727272727,0.6354166666666666,0.5,0.35198412698412695,0.2727272727272727
gated,in_feedforward_loop,367,4000,0,25,19,0.76,0.38596491228070173,0.5,0.7316314971578128,0.76
gated,in_feedforward_loop,367,4001,1,29,28,0.9655172413793104,0.17857142857142858,0.07142857142857142,0.9461475717115316,0.9264559317850983
gated,in_feedforward_loop,367,4002,2,31,27,0.8709677419354839,0.49074074074074076,0.5,0.8374090520014799,0.8709677419354839
gated,in_feedforward_loop,367,4003,3,26,24,0.9230769230769231,0.29166666666666663,0.5,0.9014428190015414,0.9230769230769231
gated,in_feedforward_loop,367,4004,4,19,15,0.7894736842105263,0.44999999999999996,0.525,0.7936842105263158,0.832280701754386
gated,in_feedforward_loop,367,4005,5,28,25,0.8928571428571429,0.6399999999999999,0.3066666666666667,0.9502515280549606,0.8795559564274736
gated,in_feedforward_loop,367,4006,6,24,23,0.9583333333333334,0.43478260869565216,0.5,0.9746376811594202,0.9583333333333334
gated,in_feedforward_loop,367,4007,7,22,16,0.7272727272727273,0.5,0.5,0.7272727272727273,0.7272727272727273
gated,in_feedforward_loop,367,4008,8,21,15,0.7142857142857143,0.3277777777777778,0.5,0.719047619047619,0.7142857142857143
gated,in_feedforward_loop,367,4009,9,24,19,0.7916666666666666,0.6578947368421052,0.7263157894736842,0.8195435713237571,0.9031100478468896
gated,in_feedforward_loop,367,4010,10,26,20,0.7692307692307693,0.3,0.5,0.7332893641446273,0.7692307692307693
gated,in_feedforward_loop,367,4011,11,28,27,0.9642857142857143,0.25925925925925924,0.5,0.9553613373318806,0.9642857142857143
gated,in_feedforward_loop,367,4012,12,22,12,0.5454545454545454,0.475,0.5,0.5784366096866097,0.5454545454545454
gated,in_feedforward_loop,367,4013,13,30,29,0.9666666666666667,0.8620689655172413,0.3448275862068966,0.9951924831235175,0.9692809479881114
gated,in_feedforward_loop,367,4014,14,29,26,0.896551724137931,0.34615384615384615,0.6538461538461539,0.8831214525329993,0.9283819628647214
gated,in_feedforward_loop,367,4015,15,18,11,0.6111111111111112,0.512987012987013,0.5,0.7235078053259871,0.6111111111111112
gated,in_feedforward_loop,367,4016,16,25,20,0.8,0.6499999999999999,0.625,0.8829984957423038,0.8500000000000003
gated,in_feedforward_loop,367,4017,17,27,21,0.7777777777777778,0.3015873015873016,0.3968253968253968,0.7149522631788078,0.788487452397227
gated,in_feedforward_loop,367,4019,18,22,17,0.7727272727272727,0.7294117647058824,0.5,0.9002567693744165,0.7727272727272727
gated,in_feedforward_loop,367,4021,19,33,32,0.9696969696969697,0.0,0.5,0.903475055445639,0.9696969696969697
gated,in_single_input_module,367,4003,0,26,3,0.11538461538461539,0.2826086956521739,0.5,0.10724460724460724,0.11538461538461539
gated,in_single_input_module,367,4004,1,19,4,0.21052631578947367,0.5666666666666667,0.6166666666666668,0.31359649122807015,0.2885964912280702
gated,in_single_input_module,367,4005,2,28,4,0.14285714285714285,0.14583333333333331,0.5833333333333334,0.10355025409373235,0.2322954822954823
gated,in_single_input_module,367,4006,3,24,5,0.20833333333333334,0.4263157894736842,0.5,0.1935714285714286,0.20833333333333334
gated,in_single_input_module,367,4007,4,22,5,0.22727272727272727,0.5,0.5,0.22727272727272727,0.22727272727272727
gated,in_single_input_module,367,4008,5,21,4,0.19047619047619047,0.3529411764705882,0.5,0.19047619047619047,0.19047619047619047
gated,in_single_input_module,367,4009,6,24,6,0.25,0.4351851851851852,0.5416666666666666,0.24266850280782168,0.33749999999999997
gated,in_single_input_module,367,4011,7,28,4,0.14285714285714285,0.5,0.5,0.14285714285714285,0.14285714285714285
gated,in_single_input_module,367,4013,8,30,5,0.16666666666666666,0.62,0.56,0.41543859649122805,0.3554385964912281
gated,in_single_input_module,367,4014,9,29,3,0.10344827586206896,0.6666666666666666,0.34615384615384615,0.44017094017094016,0.10344827586206896
gated,in_single_input_module,367,4015,10,18,3,0.16666666666666666,0.5,0.5,0.16666666666666666,0.16666666666666666
gated,in_single_input_module,367,4017,11,27,4,0.14814814814814814,0.483695652173913,0.5543478260869565,0.18287037037037035,0.38703703703703707
gated,in_single_input_module,367,4018,12,22,4,0.18181818181818182,0.5,0.5,0.18181818181818182,0.18181818181818182
gated,in_single_input_module,367,4020,13,31,3,0.0967741935483871,0.35714285714285715,0.5,0.09828060879954287,0.0967741935483871
gated,in_single_input_module,367,4021,14,33,3,0.09090909090909091,0.4666666666666666,0.5,0.1137914230019493,0.09090909090909091
gated,in_single_input_module,367,4022,15,24,4,0.16666666666666666,0.43125,0.5,0.1836996336996337,0.16666666666666666
gated,in_single_input_module,367,4023,16,30,3,0.1,0.2222222222222222,0.5,0.1,0.1
gated,in_single_input_module,367,4025,17,27,5,0.18518518518518517,0.45454545454545453,0.2727272727272727,0.28653703703703703,0.18518518518518517
gated,in_single_input_module,367,4026,18,27,3,0.1111111111111111,0.5277777777777777,0.5,0.16335978835978837,0.1111111111111111
gated,in_single_input_module,367,4028,19,24,4,0.16666666666666666,0.4375,0.425,0.17045454545454544,0.16666666666666666
gated,in_cascade,352,4000,0,25,11,0.44,0.42857142857142855,0.5,0.5693879082733572,0.44
gated,in_cascade,352,4001,1,29,8,0.27586206896551724,0.49404761904761907,0.5,0.2946271913937989,0.27586206896551724
gated,in_cascade,352,4002,2,31,4,0.12903225806451613,0.5925925925925926,0.5,0.22817460317460314,0.12903225806451613
gated,in_cascade,352,4003,3,26,7,0.2692307692307692,0.4022556390977444,0.5,0.28196444687127914,0.2692307692307692
gated,in_cascade,352,4004,4,19,7,0.3684210526315789,0.4642857142857143,0.5,0.35933583959899745,0.3684210526315789
gated,in_cascade,352,4005,5,28,9,0.32142857142857145,0.6140350877192983,0.5,0.4350213393691655,0.32142857142857145
gated,in_cascade,352,4006,6,24,13,0.5416666666666666,0.4650349650349651,0.5,0.5347680097680098,0.5416666666666666
gated,in_cascade,352,4007,7,22,10,0.45454545454545453,0.5,0.5,0.45454545454545453,0.45454545454545453
gated,in_cascade,352,4008,8,21,14,0.6666666666666666,0.6734693877551021,0.5,0.8340651412079982,0.6666666666666666
gated,in_cascade,352,4009,9,24,15,0.625,0.6222222222222222,0.5,0.7826455026455026,0.625
gated,in_cascade,352,4011,10,28,6,0.21428571428571427,0.47727272727272724,0.5,0.421957671957672,0.21428571428571427
gated,in_cascade,352,4012,11,22,11,0.5,0.38842975206611574,0.5,0.48753443526170803,0.5
gated,in_cascade,352,4013,12,30,11,0.36666666666666664,0.24401913875598086,0.5,0.2849227905319512,0.36666666666666664
gated,in_cascade,352,4014,13,29,12,0.41379310344827586,0.4411764705882353,0.5,0.4497645421081729,0.41379310344827586
gated,in_cascade,352,4015,14,18,3,0.16666666666666666,0.1333333333333333,0.5,0.13675213675213677,0.16666666666666666
gated,in_cascade,352,4016,15,25,9,0.36,0.5625,0.5,0.4308910397403689,0.36
gated,in_cascade,352,4017,16,27,11,0.4074074074074074,0.6505681818181818,0.5,0.5397759647759648,0.4074074074074074
gated,in_cascade,352,4019,17,22,15,0.6818181818181818,0.3523809523809524,0.5,0.6131240981240981,0.6818181818181818
gated,in_cascade,352,4020,18,31,6,0.1935483870967742,0.66,0.5,0.43354774705581156,0.1935483870967742
gated,in_cascade,352,4021,19,33,7,0.21212121212121213,0.6153846153846154,0.5,0.4113095238095238,0.21212121212121213
