target,motif_type,feature_idx,graph_idx,num_edges,num_motif_edges,gnn_auroc,sae_auroc,gnn_auprc,sae_auprc,gnn_sparsity,sae_sparsity,motif_node
feedforward_loop,feedforward_loop,112,0,9,9,,,1.0,1.0,0.0,0.0,1
feedforward_loop,feedforward_loop,112,1,9,9,,,1.0,1.0,0.0,0.0,0
feedforward_loop,feedforward_loop,112,2,9,9,,,1.0,1.0,0.0,0.0,0
feedforward_loop,feedforward_loop,112,3,9,9,,,1.0,1.0,0.0,0.0,0
feedforward_loop,feedforward_loop,112,4,9,9,,,1.0,1.0,0.0,0.0,0
feedforward_loop,feedforward_loop,112,5,9,9,,,1.0,1.0,0.0,0.0,1
feedforward_loop,feedforward_loop,112,6,9,9,,,1.0,1.0,0.0,0.0,1
feedforward_loop,feedforward_loop,112,7,9,9,,,1.0,1.0,0.0,0.0,1
feedforward_loop,feedforward_loop,112,8,9,9,,,1.0,1.0,0.0,0.0,0
feedforward_loop,feedforward_loop,112,9,9,9,,,1.0,1.0,0.0,0.0,0
feedforward_loop,feedforward_loop,112,10,9,9,,,1.0,1.0,0.0,0.0,0
feedforward_loop,feedforward_loop,112,11,9,9,,,1.0,1.0,0.0,0.0,0
feedforward_loop,feedforward_loop,112,12,9,9,,,1.0,1.0,0.0,0.0,1
feedforward_loop,feedforward_loop,112,13,9,9,,,1.0,1.0,0.0,0.0,0
feedforward_loop,feedforward_loop,112,14,9,9,,,1.0,1.0,0.0,0.0,0
feedforward_loop,feedforward_loop,112,15,9,9,,,1.0,1.0,0.0,0.0,0
feedforward_loop,feedforward_loop,112,16,9,9,,,1.0,1.0,0.0,0.0,1
feedforward_loop,feedforward_loop,112,17,9,9,,,1.0,1.0,0.0,0.0,0
feedforward_loop,feedforward_loop,112,18,9,9,,,1.0,1.0,0.0,0.0,1
feedforward_loop,feedforward_loop,112,19,9,9,,,1.0,1.0,0.0,0.0,1
feedback_loop,feedback_loop,112,0,10,10,,,1.0,1.0,0.2,0.0,0
feedback_loop,feedback_loop,112,1,10,10,,,1.0,1.0,0.1,0.0,0
feedback_loop,feedback_loop,112,2,10,10,,,1.0,1.0,0.1,0.0,0
feedback_loop,feedback_loop,112,3,10,10,,,1.0,1.0,0.2,0.0,0
feedback_loop,feedback_loop,112,4,10,10,,,1.0,1.0,0.2,0.0,0
feedback_loop,feedback_loop,112,5,10,10,,,1.0,1.0,0.1,0.0,0
feedback_loop,feedback_loop,112,6,10,10,,,1.0,1.0,0.1,0.0,0
feedback_loop,feedback_loop,112,7,10,10,,,1.0,1.0,0.1,0.1,0
feedback_loop,feedback_loop,112,8,10,10,,,1.0,1.0,0.2,0.1,0
feedback_loop,feedback_loop,112,9,10,10,,,1.0,1.0,0.1,0.1,0
feedback_loop,feedback_loop,112,10,10,10,,,1.0,1.0,0.2,0.1,0
feedback_loop,feedback_loop,112,11,10,10,,,1.0,1.0,0.1,0.1,0
feedback_loop,feedback_loop,112,12,10,10,,,1.0,1.0,0.2,0.0,0
feedback_loop,feedback_loop,112,13,10,10,,,1.0,1.0,0.1,0.1,0
feedback_loop,feedback_loop,112,14,10,10,,,1.0,1.0,0.1,0.1,0
feedback_loop,feedback_loop,112,15,10,10,,,1.0,1.0,0.1,0.0,0
feedback_loop,feedback_loop,112,16,10,10,,,1.0,1.0,0.2,0.0,0
feedback_loop,feedback_loop,112,17,10,10,,,1.0,1.0,0.1,0.0,0
feedback_loop,feedback_loop,112,18,10,10,,,1.0,1.0,0.2,0.1,0
feedback_loop,feedback_loop,112,19,10,10,,,1.0,1.0,0.1,0.0,0
single_input_module,single_input_module,112,0,8,4,0.5,0.5,0.5,0.5,0.0,0.0,3
single_input_module,single_input_module,112,1,7,4,0.5,0.5,0.5714285714285714,0.5714285714285714,0.0,0.0,7
single_input_module,single_input_module,112,2,7,4,0.5,0.5,0.5714285714285714,0.5714285714285714,0.0,0.0,5
single_input_module,single_input_module,112,3,7,4,0.5,0.5,0.5714285714285714,0.5714285714285714,0.0,0.0,6
single_input_module,single_input_module,112,4,6,3,0.5,0.5,0.5,0.5,0.0,0.0,3
single_input_module,single_input_module,112,5,8,4,0.5,0.5,0.5,0.5,0.0,0.0,4
single_input_module,single_input_module,112,6,7,4,0.5,0.5,0.5714285714285714,0.5714285714285714,0.0,0.0,5
single_input_module,single_input_module,112,7,8,4,0.5,0.5,0.5,0.5,0.0,0.0,1
single_input_module,single_input_module,112,8,7,4,0.5,0.5,0.5714285714285714,0.5714285714285714,0.0,0.0,4
single_input_module,single_input_module,112,9,6,3,0.5,0.5,0.5,0.5,0.0,0.0,0
single_input_module,single_input_module,112,10,6,3,0.5,0.5,0.5,0.5,0.0,0.0,3
single_input_module,single_input_module,112,11,8,4,0.5,0.5,0.5,0.5,0.0,0.0,3
single_input_module,single_input_module,112,12,6,3,0.5,0.5,0.5,0.5,0.0,0.0,3
single_input_module,single_input_module,112,13,6,3,0.5,0.5,0.5,0.5,0.0,0.0,1
single_input_module,single_input_module,112,14,7,4,0.5,0.5,0.5714285714285714,0.5714285714285714,0.0,0.0,7
single_input_module,single_input_module,112,15,7,4,0.5,0.5,0.5714285714285714,0.5714285714285714,0.0,0.0,7
single_input_module,single_input_module,112,16,6,3,0.5,0.5,0.5,0.5,0.0,0.0,2
single_input_module,single_input_module,112,17,8,4,0.5,0.5,0.5,0.5,0.0,0.0,1
single_input_module,single_input_module,112,18,6,3,0.5,0.5,0.5,0.5,0.0,0.0,2
single_input_module,single_input_module,112,19,7,4,0.5,0.5,0.5714285714285714,0.5714285714285714,0.0,0.0,5
cascade,cascade,120,0,6,6,,,1.0,1.0,0.0,0.16666666666666666,1
cascade,cascade,120,1,6,6,,,1.0,1.0,0.0,0.3333333333333333,0
cascade,cascade,120,2,6,6,,,1.0,1.0,0.0,0.16666666666666666,0
cascade,cascade,120,3,6,6,,,1.0,1.0,0.0,0.5,0
cascade,cascade,120,4,6,6,,,1.0,1.0,0.0,0.5,0
cascade,cascade,120,5,6,6,,,1.0,1.0,0.0,0.16666666666666666,0
cascade,cascade,120,6,6,6,,,1.0,1.0,0.0,0.16666666666666666,0
cascade,cascade,120,7,6,6,,,1.0,1.0,0.0,0.5,0
cascade,cascade,120,8,6,6,,,1.0,1.0,0.0,0.16666666666666666,0
cascade,cascade,120,9,6,6,,,1.0,1.0,0.0,0.3333333333333333,0
cascade,cascade,120,10,6,6,,,1.0,1.0,0.0,0.16666666666666666,0
cascade,cascade,120,11,6,6,,,1.0,1.0,0.0,0.5,0
cascade,cascade,120,12,6,6,,,1.0,1.0,0.0,0.16666666666666666,1
cascade,cascade,120,13,6,6,,,1.0,1.0,0.0,0.16666666666666666,1
cascade,cascade,120,14,6,6,,,1.0,1.0,0.0,0.5,0
cascade,cascade,120,15,6,6,,,1.0,1.0,0.0,0.5,0
cascade,cascade,120,16,6,6,,,1.0,1.0,0.0,0.16666666666666666,0
cascade,cascade,120,17,6,6,,,1.0,1.0,0.0,0.16666666666666666,0
cascade,cascade,120,18,6,6,,,1.0,1.0,0.0,0.16666666666666666,0
cascade,cascade,120,19,6,6,,,1.0,1.0,0.0,0.16666666666666666,0
