feature,feature_idx,motif,rpb,pval,rpb_abs,rpb_partial,pval_partial,rpb_partial_abs,p_empirical,p_fdr,significant_fdr
z8,8,in_feedforward_loop,-0.12058044334583268,1.9829923282194605e-14,0.12058044334583268,-0.18046818938646245,1.2474166852936576e-30,0.18046818938646245,0.0,0.0,True
z9,9,in_feedforward_loop,-0.09451061438358027,2.112431649725339e-09,0.09451061438358027,-0.1400000374443316,5.818152535642058e-19,0.1400000374443316,0.0,0.0,True
z36,36,in_feedforward_loop,-0.14685362093159385,1.0043052651511898e-20,0.14685362093159385,-0.21709124246072986,7.107614664709323e-44,0.21709124246072986,0.0,0.0,True
z37,37,in_feedforward_loop,-0.1118368950274537,1.3101063891971096e-12,0.1118368950274537,-0.1662286864422892,3.548559535035005e-26,0.1662286864422892,0.0,0.0,True
z43,43,in_feedforward_loop,-0.01205116272955646,0.4460767727657052,0.01205116272955646,-0.018915829521577908,0.2316672158341641,0.018915829521577908,0.042,0.06009756097560976,False
z47,47,in_feedforward_loop,-0.07833670271531279,7.030339268214661e-07,0.07833670271531279,-0.11949866105101833,3.387483825472232e-14,0.11949866105101833,0.0,0.0,True
z58,58,in_feedforward_loop,-0.04728267203850038,0.0027792253505146748,0.04728267203850038,-0.04190880850168245,0.00802818956495032,0.04190880850168245,0.006,0.008655737704918032,True
z63,63,in_feedforward_loop,-0.08543689278723289,6.242514591232627e-08,0.08543689278723289,-0.11612927393441957,1.741151738734518e-13,0.11612927393441957,0.0,0.0,True
z64,64,in_feedforward_loop,-0.08451553757056167,8.644058269332626e-08,0.08451553757056167,-0.12738272606884443,6.123499531384171e-16,0.12738272606884443,0.0,0.0,True
z65,65,in_feedforward_loop,-0.027303485980216913,0.08423840638876277,0.027303485980216913,-0.002962751169157598,0.8514076394158301,0.002962751169157598,0.863,0.999,False
z71,71,in_feedforward_loop,-0.08404576613032362,1.0191281748603411e-07,0.08404576613032362,-0.1211907930231311,1.4628121244599265e-14,0.1211907930231311,0.0,0.0,True
z73,73,in_feedforward_loop,-0.08588856832735026,5.31528875882438e-08,0.08588856832735026,-0.1290862555787834,2.4874428103830897e-16,0.1290862555787834,0.0,0.0,True
z77,77,in_feedforward_loop,-0.14238965729467895,1.4449634673922278e-19,0.14238965729467895,-0.20638465086029117,9.874944513447314e-40,0.20638465086029117,0.0,0.0,True
z101,101,in_feedforward_loop,-0.08489895566515633,7.552137552369371e-08,0.08489895566515633,-0.11719198267192299,1.0441979810132669e-13,0.11719198267192299,0.0,0.0,True
z107,107,in_feedforward_loop,-0.08553808019514625,6.022069528866459e-08,0.08553808019514625,-0.11895269039473341,4.4305132467948757e-14,0.11895269039473341,0.0,0.0,True
z112,112,in_feedforward_loop,-0.02163083405510333,0.17137891233832292,0.02163083405510333,-0.0017973401010604366,0.9095244991399164,0.0017973401010604366,0.919,0.999,False
z117,117,in_feedforward_loop,-0.12861047076720877,3.2029604556380823e-16,0.12861047076720877,-0.18574266415358054,2.231482176357497e-32,0.18574266415358054,0.0,0.0,True
z118,118,in_feedforward_loop,-0.0814859854483895,2.461611205553898e-07,0.0814859854483895,-0.11814041629966046,6.590350652338582e-14,0.11814041629966046,0.0,0.0,True
z121,121,in_feedforward_loop,-0.08348871504629737,1.2374668065046805e-07,0.08348871504629737,-0.11361046176179856,5.742795236180649e-13,0.11361046176179856,0.0,0.0,True
z122,122,in_feedforward_loop,-0.08248200754852997,1.7520046773999713e-07,0.08248200754852997,-0.1232886960372211,5.080886605098473e-15,0.1232886960372211,0.0,0.0,True
z125,125,in_feedforward_loop,-0.11354038290848537,5.934471907151152e-13,0.11354038290848537,-0.1694005913963727,3.8991930564001275e-27,0.1694005913963727,0.0,0.0,True
z126,126,in_feedforward_loop,0.2936681386527945,2.1603212879946998e-80,0.2936681386527945,0.42646821828106063,1.573896231043455e-176,0.42646821828106063,0.0,0.0,True
z129,129,in_feedforward_loop,-0.11767364917082822,8.269438428665275e-14,0.11767364917082822,-0.17464040198910735,9.229839951331192e-29,0.17464040198910735,0.0,0.0,True
z131,131,in_feedforward_loop,-0.08133330941765225,2.592428056552943e-07,0.08133330941765225,-0.11771449323422614,8.10711722975173e-14,0.11771449323422614,0.0,0.0,True
z132,132,in_feedforward_loop,-0.0865680907261023,4.166811438609784e-08,0.0865680907261023,-0.1279030225126887,4.65648463013206e-16,0.1279030225126887,0.0,0.0,True
z134,134,in_feedforward_loop,-0.01922297299395797,0.22417549362020542,0.01922297299395797,-0.0015415831477470128,0.9223548532635216,0.0015415831477470128,0.954,0.999,False
z136,136,in_feedforward_loop,-0.08327042544796276,1.3348242346821933e-07,0.08327042544796276,-0.12242151462654532,7.883662845104105e-15,0.12242151462654532,0.0,0.0,True
z154,154,in_feedforward_loop,-0.11465671787165156,3.509197331197889e-13,0.11465671787165156,-0.17307062796090084,2.8687031293732896e-28,0.17307062796090084,0.0,0.0,True
z169,169,in_feedforward_loop,-0.08038240495804119,3.571595925437593e-07,0.08038240495804119,-0.12248971580449747,7.616788353407892e-15,0.12248971580449747,0.0,0.0,True
z173,173,in_feedforward_loop,-0.08376142042150637,1.1254566399211199e-07,0.08376142042150637,-0.11761191869807416,8.520843937232929e-14,0.11761191869807416,0.0,0.0,True
z178,178,in_feedforward_loop,-0.08113975044087057,2.767948308287168e-07,0.08113975044087057,-0.11590331447041308,1.939956199748313e-13,0.11590331447041308,0.0,0.0,True
z182,182,in_feedforward_loop,-0.12071336952046244,1.8560984890672324e-14,0.12071336952046244,-0.1692651797474497,4.2884905567613194e-27,0.1692651797474497,0.0,0.0,True
z187,187,in_feedforward_loop,-0.14589117716937988,1.7972833653888306e-20,0.14589117716937988,-0.21941791016878456,8.343169679983421e-45,0.21941791016878456,0.0,0.0,True
z188,188,in_feedforward_loop,-0.026922676947197837,0.08865868262165845,0.026922676947197837,-0.002201184721648255,0.8893143895695261,0.002201184721648255,0.899,0.999,False
z192,192,in_feedforward_loop,-0.0866420100157098,4.057467818354524e-08,0.0866420100157098,-0.11591288448704928,1.9311013954618819e-13,0.11591288448704928,0.0,0.0,True
z195,195,in_feedforward_loop,-0.019039567573535403,0.22862794335357173,0.019039567573535403,-0.0015092462058983278,0.9239785842476071,0.0015092462058983278,0.951,0.999,False
z201,201,in_feedforward_loop,-0.08722970540282475,3.281714301875521e-08,0.08722970540282475,-0.12583584973389006,1.3732389355779798e-15,0.12583584973389006,0.0,0.0,True
z204,204,in_feedforward_loop,-0.09309915506061103,3.6552843890361432e-09,0.09309915506061103,-0.14159714821203667,2.2994995469375013e-19,0.14159714821203667,0.0,0.0,True
z207,207,in_feedforward_loop,-0.11465337469434356,3.514749891088023e-13,0.11465337469434356,-0.16453048559420827,1.137063373038467e-25,0.16453048559420827,0.0,0.0,True
z212,212,in_feedforward_loop,-0.14718677411478231,8.203127727619272e-21,0.14718677411478231,-0.22057809077748222,2.8402239631429683e-45,0.22057809077748222,0.0,0.0,True
z217,217,in_feedforward_loop,-0.12056803640915854,1.99526261193738e-14,0.12056803640915854,-0.17332813755488286,2.383499634750002e-28,0.17332813755488286,0.0,0.0,True
z224,224,in_feedforward_loop,-0.027610620309235286,0.08080469187979111,0.027610620309235286,-0.0022363177588126068,0.8875593850746887,0.0022363177588126068,0.893,0.999,False
z225,225,in_feedforward_loop,-0.06803733225948899,1.6570459572781217e-05,0.06803733225948899,-0.10293923644219183,6.765949454797813e-11,0.10293923644219183,0.0,0.0,True
z235,235,in_feedforward_loop,-0.07624577690973844,1.3809977008518237e-06,0.07624577690973844,-0.1164515155222152,1.4918197476905377e-13,0.1164515155222152,0.0,0.0,True
z237,237,in_feedforward_loop,-0.11475107860879386,3.355980260440834e-13,0.11475107860879386,-0.16525222645594706,6.942338115852569e-26,0.16525222645594706,0.0,0.0,True
z239,239,in_feedforward_loop,-0.08583224292294006,5.4231852423511145e-08,0.08583224292294006,-0.11608747863384958,1.7763506620578817e-13,0.11608747863384958,0.0,0.0,True
z244,244,in_feedforward_loop,-0.12921165480779437,2.32673218732125e-16,0.12921165480779437,-0.19389596170422463,3.4872974184667873e-35,0.19389596170422463,0.0,0.0,True
z252,252,in_feedforward_loop,-0.08594165773438986,5.2154968782200916e-08,0.08594165773438986,-0.11767703393809023,8.255866318160735e-14,0.11767703393809023,0.0,0.0,True
z8,8,in_feedback_loop,0.3569093419637248,1.7903439447945202e-120,0.3569093419637248,0.2983895635931626,4.652816982577218e-83,0.2983895635931626,0.0,0.0,True
z9,9,in_feedback_loop,0.276747276859715,3.0356330646105418e-71,0.276747276859715,0.23065832388566748,1.8765498642717297e-49,0.23065832388566748,0.0,0.0,True
z36,36,in_feedback_loop,0.42297074699109616,2.2253378804793507e-173,0.42297074699109616,0.3576205043970715,5.576723110487585e-121,0.3576205043970715,0.0,0.0,True
z37,37,in_feedback_loop,0.32792573115800205,6.543913694228211e-101,0.32792573115800205,0.2740666382238961,7.473407778266324e-70,0.2740666382238961,0.0,0.0,True
z43,43,in_feedback_loop,0.038739068209245706,0.01427658859878556,0.038739068209245706,0.03139080762655321,0.04712248177723308,0.03139080762655321,0.057,0.08090322580645161,False
z47,47,in_feedback_loop,0.2387384666266619,5.940133397450142e-53,0.2387384666266619,0.1962851150316952,4.965010553225458e-36,0.1962851150316952,0.0,0.0,True
z58,58,in_feedback_loop,0.05756144088501622,0.00027012111173033447,0.05756144088501622,0.06466997057944213,4.2565397633177134e-05,0.06466997057944213,0.0,0.0,True
z63,63,in_feedback_loop,0.22087637572471222,2.1507937153355922e-45,0.22087637572471222,0.1900861821619328,7.406560844680402e-34,0.1900861821619328,0.0,0.0,True
z64,64,in_feedback_loop,0.25272137287356733,2.5091805797435387e-59,0.25272137287356733,0.20876111032856579,1.2432270063533834e-40,0.20876111032856579,0.0,0.0,True
z65,65,in_feedback_loop,-0.02716580150623138,0.08581555474774512,0.02716580150623138,-0.001041666921055168,0.9474891053936824,0.001041666921055168,0.952,0.999,False
z71,71,in_feedback_loop,0.23738919205996944,2.33061450365822e-52,0.23738919205996944,0.19939570745625174,3.776769550177691e-37,0.19939570745625174,0.0,0.0,True
z73,73,in_feedback_loop,0.25642718017913263,4.38223897418934e-61,0.25642718017913263,0.21220574919521046,5.892036943534123e-42,0.21220574919521046,0.0,0.0,True
z77,77,in_feedback_loop,0.39932574841801305,4.900255916843436e-153,0.39932574841801305,0.3396741269239203,1.3718652353338317e-108,0.3396741269239203,0.0,0.0,True
z101,101,in_feedback_loop,0.22333021486673693,2.150031070753073e-46,0.22333021486673693,0.19071690963502774,4.485775489647307e-34,0.19071690963502774,0.0,0.0,True
z107,107,in_feedback_loop,0.22845229663775124,1.6057720417223617e-48,0.22845229663775124,0.19462886082565556,1.9229588589523903e-35,0.19462886082565556,0.0,0.0,True
z112,112,in_feedback_loop,-0.023078589282253648,0.1444670656547094,0.023078589282253648,-0.0018253660086593108,0.9081199176719996,0.0018253660086593108,0.925,0.999,False
z117,117,in_feedback_loop,0.36060649326702454,4.029539242352797e-123,0.36060649326702454,0.3059387281607082,1.9870888102979394e-87,0.3059387281607082,0.0,0.0,True
z118,118,in_feedback_loop,0.23127116237003703,1.0294493610915063e-49,0.23127116237003703,0.19364651275879396,4.268165963304568e-35,0.19364651275879396,0.0,0.0,True
z121,121,in_feedback_loop,0.2160511581060419,1.837141519866243e-43,0.2160511581060419,0.18572616726778504,2.2601728993516743e-32,0.18572616726778504,0.0,0.0,True
z122,122,in_feedback_loop,0.24426257201349122,2.014162624557719e-55,0.24426257201349122,0.20232929638479438,3.196838594204329e-38,0.20232929638479438,0.0,0.0,True
z125,125,in_feedback_loop,0.332854483802812,4.320006491118842e-104,0.332854483802812,0.2776385104390628,1.0380449714760266e-71,0.2776385104390628,0.0,0.0,True
z126,126,in_feedback_loop,-0.7349275382973506,0.0,0.7349275382973506,-0.6972762368220417,0.0,0.6972762368220417,0.0,0.0,True
z129,129,in_feedback_loop,0.3428224762741338,1.0520017989487221e-110,0.3428224762741338,0.2868970859014689,1.1787574225147097e-76,0.2868970859014689,0.0,0.0,True
z131,131,in_feedback_loop,0.23130609757818132,9.947581065762265e-50,0.23130609757818132,0.19396411232845917,3.299846334123516e-35,0.19396411232845917,0.0,0.0,True
z132,132,in_feedback_loop,0.2534477963428869,1.1408664949643956e-59,0.2534477963428869,0.21119257502092617,1.452823272014218e-41,0.21119257502092617,0.0,0.0,True
z134,134,in_feedback_loop,-0.020597737571303305,0.19276385817014635,0.020597737571303305,-0.001651832166211628,0.9168214040719798,0.001651832166211628,0.948,0.999,False
z136,136,in_feedback_loop,0.2421772739665067,1.7530337767064285e-54,0.2421772739665067,0.20202042718540353,4.153573196450814e-38,0.20202042718540353,0.0,0.0,True
z154,154,in_feedback_loop,0.34355571448180466,3.356125709121645e-111,0.34355571448180466,0.28595331789912815,3.838410159071021e-76,0.28595331789912815,0.0,0.0,True
z169,169,in_feedback_loop,0.24568456785110776,4.551269994646758e-56,0.24568456785110776,0.20236623435278372,3.098208168332698e-38,0.20236623435278372,0.0,0.0,True
z173,173,in_feedback_loop,0.22722756914749337,5.236338481459996e-48,0.22722756914749337,0.19278128697288838,8.583854882359585e-35,0.19278128697288838,0.0,0.0,True
z178,178,in_feedback_loop,0.22627250119071377,1.309902133845979e-47,0.22627250119071377,0.19064680517828608,4.74330673303389e-34,0.19064680517828608,0.0,0.0,True
z182,182,in_feedback_loop,0.3244328754940048,1.0818551799963824e-98,0.3244328754940048,0.27798376196087543,6.842488740257637e-72,0.27798376196087543,0.0,0.0,True
z187,187,in_feedback_loop,0.43036308482334773,4.410359010731897e-180,0.43036308482334773,0.3616154915599028,7.52550646946871e-124,0.3616154915599028,0.0,0.0,True
z188,188,in_feedback_loop,-0.028848099336645765,0.0681031925121363,0.028848099336645765,-0.002358606301778761,0.8814550427098086,0.002358606301778761,0.882,0.999,False
z192,192,in_feedback_loop,0.21811379880791715,2.7806934905384827e-44,0.21811379880791715,0.18907368154052198,1.6504946795131482e-33,0.18907368154052198,0.0,0.0,True
z195,195,in_feedback_loop,-0.02040121559105572,0.19704470633403579,0.02040121559105572,-0.0016171825913374486,0.9185600610450668,0.0016171825913374486,0.951,0.999,False
z201,201,in_feedback_loop,0.24718322140829588,9.392892788312635e-57,0.24718322140829588,0.20783912622380205,2.786332870533996e-40,0.20783912622380205,0.0,0.0,True
z204,204,in_feedback_loop,0.28375571199190297,5.893769996647825e-75,0.28375571199190297,0.23456668441015777,3.9562737110490767e-51,0.23456668441015777,0.0,0.0,True
z207,207,in_feedback_loop,0.3183446390820049,6.779019475697e-95,0.3183446390820049,0.2695290333379924,1.559402525757151e-67,0.2695290333379924,0.0,0.0,True
z212,212,in_feedback_loop,0.43207545657096863,1.168912999889984e-181,0.43207545657096863,0.36363320981724667,2.578496885992447e-125,0.36363320981724667,0.0,0.0,True
z217,217,in_feedback_loop,0.3355733451257732,7.174924622905445e-106,0.3355733451257732,0.28443808842546364,2.530468024976763e-75,0.28443808842546364,0.0,0.0,True
z224,224,in_feedback_loop,-0.029585242172960477,0.06135066519777173,0.029585242172960477,-0.0023962519396216516,0.87957726429327,0.0023962519396216516,0.871,0.999,False
z225,225,in_feedback_loop,0.20607261189846232,1.2938421793313736e-39,0.20607261189846232,0.16973472380742083,3.0820876613453873e-27,0.16973472380742083,0.0,0.0,True
z235,235,in_feedback_loop,0.2338375169745559,8.172374296344125e-51,0.2338375169745559,0.1923071806855739,1.2570184905483922e-34,0.1923071806855739,0.0,0.0,True
z237,237,in_feedback_loop,0.31976175363437637,9.020490484601665e-96,0.31976175363437637,0.27028614997990846,6.442451759637754e-68,0.27028614997990846,0.0,0.0,True
z239,239,in_feedback_loop,0.21980913704930222,5.805292787923217e-45,0.21980913704930222,0.18956002406900893,1.1238382751569552e-33,0.18956002406900893,0.0,0.0,True
z244,244,in_feedback_loop,0.38215028413225627,2.903514094844128e-139,0.38215028413225627,0.3198069980914073,8.456402115616776e-96,0.3198069980914073,0.0,0.0,True
z252,252,in_feedback_loop,0.2240659017542517,1.0720885433800023e-46,0.2240659017542517,0.19215858531082985,1.4163599403413642e-34,0.19215858531082985,0.0,0.0,True
z8,8,in_single_input_module,-0.12023464268158349,2.3544355667285296e-14,0.12023464268158349,-0.13630162088760273,4.792240907269382e-18,0.13630162088760273,0.0,0.0,True
z9,9,in_single_input_module,-0.0942395767897086,2.348445987568486e-09,0.0942395767897086,-0.10544784231152327,2.2987261816002225e-11,0.10544784231152327,0.0,0.0,True
z36,36,in_single_input_module,-0.14643247403366869,1.2962046636560978e-20,0.14643247403366869,-0.1634472435053124,2.374453497055059e-25,0.1634472435053124,0.0,0.0,True
z37,37,in_single_input_module,-0.11151616911606244,1.5187417337135398e-12,0.11151616911606244,-0.12529174601326654,1.8201071257828818e-15,0.12529174601326654,0.0,0.0,True
z43,43,in_single_input_module,-0.01201660239820238,0.44738217609781356,0.01201660239820238,-0.01431860115671911,0.36527934809117707,0.01431860115671911,0.378,0.528,False
z47,47,in_single_input_module,-0.07811204867455471,7.565515366542218e-07,0.07811204867455471,-0.08975144316512185,1.2998576861626225e-08,0.08975144316512185,0.0,0.0,True
z58,58,in_single_input_module,-0.04714707476464153,0.002858398122550529,0.04714707476464153,-0.03005781180625552,0.05732058241798258,0.03005781180625552,0.07,0.09856000000000001,False
z63,63,in_single_input_module,-0.08519187681733405,6.8091639087315e-08,0.08519187681733405,-0.0870101323599835,3.553047601437191e-08,0.0870101323599835,0.0,0.0,True
z64,64,in_single_input_module,-0.08427316386367908,9.411537617326957e-08,0.08427316386367908,-0.09555198747793786,1.4023626376652785e-09,0.09555198747793786,0.0,0.0,True
z65,65,in_single_input_module,-0.027225185027539234,0.08513242722604678,0.027225185027539234,-0.00020195130188584154,0.9898124639100334,0.00020195130188584154,0.991,0.999,False
z71,71,in_single_input_module,-0.08380473963424549,1.1085916626616174e-07,0.08380473963424549,-0.09114490006554718,7.707628760591537e-09,0.09114490006554718,0.0,0.0,True
z73,73,in_single_input_module,-0.08564225704207969,5.8029953585401436e-08,0.08564225704207969,-0.09700147656572239,7.871583952801892e-10,0.09700147656572239,0.0,0.0,True
z77,77,in_single_input_module,-0.1419813121542196,1.8363969179596389e-19,0.1419813121542196,-0.15531484737503254,5.087765636016979e-23,0.15531484737503254,0.0,0.0,True
z101,101,in_single_input_module,-0.08465548239164322,8.22888568126062e-08,0.08465548239164322,-0.087450016931921,3.0297077137572555e-08,0.087450016931921,0.0,0.0,True
z107,107,in_single_input_module,-0.08529277403994122,6.570031166143702e-08,0.08529277403994122,-0.08919369104366981,1.5988315264283758e-08,0.08919369104366981,0.0,0.0,True
z112,112,in_single_input_module,-0.021568801136854176,0.17261067065618846,0.021568801136854176,0.0002858135778976787,0.9855823815319458,0.0002858135778976787,0.982,0.999,False
z117,117,in_single_input_module,-0.12824164158573742,3.893920140486508e-16,0.12824164158573742,-0.13983753218024636,6.390650905991884e-19,0.13983753218024636,0.0,0.0,True
z118,118,in_single_input_module,-0.08125229989281202,2.6645393691895535e-07,0.08125229989281202,-0.08855775430515131,2.0214137676163855e-08,0.08855775430515131,0.0,0.0,True
z121,121,in_single_input_module,-0.08324928606163595,1.3446364497154622e-07,0.08324928606163595,-0.08506320571615072,7.126373883112314e-08,0.08506320571615072,0.0,0.0,True
z122,122,in_single_input_module,-0.08224546560020521,1.900039561665939e-07,0.08224546560020521,-0.09264522822054072,4.352815423305412e-09,0.09264522822054072,0.0,0.0,True
z125,125,in_single_input_module,-0.11321477173357655,6.910650878649093e-13,0.11321477173357655,-0.12703216247861737,7.359785182029706e-16,0.12703216247861737,0.0,0.0,True
z126,126,in_single_input_module,0.2928259569971532,6.381381144587672e-80,0.2928259569971532,0.31913064217400283,2.2177642867619174e-95,0.31913064217400283,0.0,0.0,True
z129,129,in_single_input_module,-0.1173361846125732,9.738606538903589e-14,0.1173361846125732,-0.13124648033690792,7.800067979747395e-17,0.13124648033690792,0.0,0.0,True
z131,131,in_single_input_module,-0.08110006170648289,2.80532952333326e-07,0.08110006170648289,-0.08863058852679763,1.968001794376198e-08,0.08863058852679763,0.0,0.0,True
z132,132,in_single_input_module,-0.08631983070610877,4.555348755133232e-08,0.08631983070610877,-0.09645119692160092,9.810837647122216e-10,0.09645119692160092,0.0,0.0,True
z134,134,in_single_input_module,-0.019167845341034273,0.22550723992222899,0.019167845341034273,0.0002839426648036758,0.9856767479549638,0.0002839426648036758,0.995,0.999,False
z136,136,in_single_input_module,-0.08303162247433601,1.4498114360768527e-07,0.08303162247433601,-0.09227735393854083,5.011613667332541e-09,0.09227735393854083,0.0,0.0,True
z154,154,in_single_input_module,-0.11432790527069822,4.098695423138211e-13,0.11432790527069822,-0.13053875428901085,1.1429605938684701e-16,0.13053875428901085,0.0,0.0,True
z169,169,in_single_input_module,-0.08015188425122383,3.8580083893422413e-07,0.08015188425122383,-0.09244753053581578,4.695616799037835e-09,0.09244753053581578,0.0,0.0,True
z173,173,in_single_input_module,-0.08352120937221429,1.2235747382511836e-07,0.08352120937221429,-0.08822894814941568,2.2805664357578964e-08,0.08822894814941568,0.0,0.0,True
z178,178,in_single_input_module,-0.0809070578182453,2.9941694067750415e-07,0.0809070578182453,-0.08724116460996201,3.268119756932573e-08,0.08724116460996201,0.0,0.0,True
z182,182,in_single_input_module,-0.12036718765045382,2.2046065192950713e-14,0.12036718765045382,-0.1271546622114721,6.902117537565854e-16,0.1271546622114721,0.0,0.0,True
z187,187,in_single_input_module,-0.1454727903682253,2.3118586889909352e-20,0.1454727903682253,-0.1652488913083232,6.958220374322932e-26,0.1652488913083232,0.0,0.0,True
z188,188,in_single_input_module,-0.02684546807888239,0.08957728537567917,0.02684546807888239,0.00038574465658062444,0.9805423144185916,0.00038574465658062444,0.983,0.999,False
z192,192,in_single_input_module,-0.08639353800993534,4.436470531269382e-08,0.08639353800993534,-0.08662762571992058,4.0785252064752054e-08,0.08662762571992058,0.0,0.0,True
z195,195,in_single_input_module,-0.01898496589078108,0.22996556121751344,0.01898496589078108,0.0002825491881957541,0.9857470332328473,0.0002825491881957541,0.995,0.999,False
z201,201,in_single_input_module,-0.0869795480038837,3.5925263348780097e-08,0.0869795480038837,-0.09493707619624057,1.7870989637001432e-09,0.09493707619624057,0.0,0.0,True
z204,204,in_single_input_module,-0.09283216525059136,4.051140679133945e-09,0.09283216525059136,-0.10710383012284933,1.1115385840631356e-11,0.10710383012284933,0.0,0.0,True
z207,207,in_single_input_module,-0.11432457168095604,4.105143721586795e-13,0.11432457168095604,-0.12342092777159275,4.7503855487114236e-15,0.12342092777159275,0.0,0.0,True
z212,212,in_single_input_module,-0.14676467179996824,1.059976436395389e-20,0.14676467179996824,-0.1662663881318494,3.457507410582705e-26,0.1662663881318494,0.0,0.0,True
z217,217,in_single_input_module,-0.12022227132552946,2.368920658814752e-14,0.12022227132552946,-0.13005358027536035,1.4834148612263711e-16,0.13005358027536035,0.0,0.0,True
z224,224,in_single_input_module,-0.027531438556553548,0.08167887363742443,0.027531438556553548,0.00039638813898933405,0.9800055480032382,0.00039638813898933405,0.986,0.999,False
z225,225,in_single_input_module,-0.06784221475920252,1.752253617815603e-05,0.06784221475920252,-0.07757864330599554,8.997970363165639e-07,0.07757864330599554,0.0,0.0,True
z235,235,in_single_input_module,-0.07602711922719899,1.4805555602941923e-06,0.07602711922719899,-0.08787540917633466,2.595148060873444e-08,0.08787540917633466,0.0,0.0,True
z237,237,in_single_input_module,-0.11442199540006467,3.920738122419723e-13,0.11442199540006467,-0.12377468085534216,3.9666970414015125e-15,0.12377468085534216,0.0,0.0,True
z239,239,in_single_input_module,-0.08558609316769639,5.9201254257804645e-08,0.08558609316769639,-0.08684249190165017,3.77472510761521e-08,0.08684249190165017,0.0,0.0,True
z244,244,in_single_input_module,-0.1288411015503883,2.8338642949583624e-16,0.1288411015503883,-0.14611804341844065,1.567441451423426e-20,0.14611804341844065,0.0,0.0,True
z252,252,in_single_input_module,-0.08569519419928749,5.694651645539733e-08,0.08569519419928749,-0.08804038618442796,2.4434374912810448e-08,0.08804038618442796,0.0,0.0,True
z8,8,in_cascade,-0.07865742754959602,6.329055122313195e-07,0.07865742754959602,1.1731965403137708e-05,0.9994081590198824,1.1731965403137708e-05,1.0,,
z9,9,in_cascade,-0.058406834510233215,0.00021904598774827094,0.058406834510233215,-7.943274215390685e-06,0.9995992866268454,7.943274215390685e-06,1.0,,
z36,36,in_cascade,-0.0831246845678685,1.4039051520353846e-07,0.0831246845678685,-4.094708721105213e-05,0.9979343495692796,4.094708721105213e-05,0.999,0.999,False
z37,37,in_cascade,-0.06959433948770302,1.0554070812764084e-05,0.06959433948770302,3.7644095696549515e-05,0.9981009746668369,3.7644095696549515e-05,1.0,,
z43,43,in_cascade,-0.011183005729381643,0.4795189784073984,0.011183005729381643,-1.0614492451864813e-05,0.9994645320281157,1.0614492451864813e-05,1.0,,
z47,47,in_cascade,-0.05853516626240696,0.00021213582695686268,0.05853516626240696,5.819133205770422e-05,0.9970644355567997,5.819133205770422e-05,0.998,0.999,False
z58,58,in_cascade,0.05834818489012304,0.00022227387883604676,0.05834818489012304,3.5738990873841747e-07,0.9999819707946624,3.5738990873841747e-07,1.0,,
z63,63,in_cascade,-0.02107996741477454,0.1825496526721248,0.02107996741477454,-3.675983018861916e-05,0.9981455829782037,3.675983018861916e-05,0.997,0.999,False
z64,64,in_cascade,-0.05790438706395499,0.0002481857169278294,0.05790438706395499,0.00013100353682943267,0.9933913560179458,0.00013100353682943267,0.998,0.999,False
z65,65,in_cascade,0.09908339020813947,3.3839093583002853e-10,0.09908339020813947,7.380876849861356e-06,0.9996276578151387,7.380876849861356e-06,1.0,,
z71,71,in_cascade,-0.04250562044396315,0.007173808105246623,0.04250562044396315,-6.966774929337109e-05,0.9964854908700719,6.966774929337109e-05,0.998,0.999,False
z73,73,in_cascade,-0.0584122149456466,0.000218752079005986,0.0584122149456466,1.5595901731746756e-05,0.9992132355662096,1.5595901731746756e-05,0.999,0.999,False
z77,77,in_cascade,-0.06891977586363172,1.2847002326332294e-05,0.06891977586363172,-1.8287333916379434e-05,0.9990774612915799,1.8287333916379434e-05,0.999,0.999,False
z101,101,in_cascade,-0.0251090836451485,0.11233341142271261,0.0251090836451485,0.0001093530256175701,0.994483525126416,0.0001093530256175701,0.994,0.999,False
z107,107,in_cascade,-0.029022923037749143,0.0664488530668845,0.029022923037749143,8.552532128540576e-05,0.9956855355183108,8.552532128540576e-05,0.997,0.999,False
z112,112,in_cascade,0.08018285812297521,3.818274365187336e-07,0.08018285812297521,-1.2170393671705193e-06,0.9999386041628654,1.2170393671705193e-06,1.0,,
z117,117,in_cascade,-0.062167948504038846,8.339670054305256e-05,0.062167948504038846,-1.4850080478659281e-05,0.999250859902999,1.4850080478659281e-05,1.0,,
z118,118,in_cascade,-0.042414942871263225,0.0072981261488310285,0.042414942871263225,-6.395299294830424e-06,0.9996773771216865,6.395299294830424e-06,1.0,,
z121,121,in_cascade,-0.02082805531003002,0.18783425893349034,0.02082805531003002,-2.7450685424763865e-05,0.9986151993000095,2.7450685424763865e-05,0.997,0.999,False
z122,122,in_cascade,-0.053936815520211435,0.000643270162122437,0.053936815520211435,0.00012207961319807802,0.9938415257012568,0.00012207961319807802,0.997,0.999,False
z125,125,in_cascade,-0.07058275364184985,7.887191328022577e-06,0.07058275364184985,0.00013809601738500737,0.9930335754569652,0.00013809601738500737,0.996,0.999,False
z126,126,in_cascade,0.04617302405840826,0.0034904027725455875,0.04617302405840826,0.00020456167935307447,0.9896807893843652,0.00020456167935307447,0.988,0.999,False
z129,129,in_cascade,-0.07082577291575574,7.337823415913605e-06,0.07082577291575574,7.102772773950536e-05,0.9964168848808806,7.102772773950536e-05,0.998,0.999,False
z131,131,in_cascade,-0.04284237408481121,0.006728584579755266,0.04284237408481121,8.090177181776723e-06,0.9995918758316941,8.090177181776723e-06,1.0,,
z132,132,in_cascade,-0.053452869560434595,0.0007195554789109616,0.053452869560434595,-7.621508010786839e-05,0.99615520198078,7.621508010786839e-05,0.998,0.999,False
z134,134,in_cascade,0.07135265598893539,6.269650701428091e-06,0.07135265598893539,1.0154693694730196e-06,0.9999487727400364,1.0154693694730196e-06,1.0,,
z136,136,in_cascade,-0.04966745683634524,0.0016768157374131695,0.04966745683634524,-6.855505858240594e-05,0.9965416221075915,6.855505858240594e-05,0.999,0.999,False
z154,154,in_cascade,-0.0793184094051449,5.090135528517492e-07,0.0793184094051449,-7.426810958597457e-05,0.9962534194552937,7.426810958597457e-05,0.997,0.999,False
z169,169,in_cascade,-0.060834130222597635,0.00011818945623959968,0.060834130222597635,5.274970501106639e-05,0.9973389469667724,5.274970501106639e-05,0.999,0.999,False
z173,173,in_cascade,-0.032230960501070244,0.04151420672454626,0.032230960501070244,1.2166308539382498e-05,0.9993862477706774,1.2166308539382498e-05,0.998,0.999,False
z178,178,in_cascade,-0.03788728775918648,0.016560901942023847,0.03788728775918648,-2.7343213114755863e-05,0.9986206209344506,2.7343213114755863e-05,0.999,0.999,False
z182,182,in_cascade,-0.043161408073103036,0.006329856367510377,0.043161408073103036,-0.00011414833632684973,0.9942416227060532,0.00011414833632684973,0.995,0.999,False
z187,187,in_cascade,-0.09358317754986492,3.0314365637279355e-09,0.09358317754986492,6.151000120656249e-05,0.9968970202556625,6.151000120656249e-05,0.993,0.999,False
z188,188,in_cascade,0.09993274750572897,2.3859547268435873e-10,0.09993274750572897,1.3873316725664109e-05,0.9993001345651478,1.3873316725664109e-05,0.999,0.999,False
z192,192,in_cascade,-0.015014061163491178,0.3424531435077981,0.015014061163491178,-1.774894212841667e-05,0.9991046214591174,1.774894212841667e-05,1.0,,
z195,195,in_cascade,0.07067188387974964,7.681289436270102e-06,0.07067188387974964,-5.444413041049562e-06,0.9997253463617201,5.444413041049562e-06,1.0,,
z201,201,in_cascade,-0.044982899063484634,0.004433904658475666,0.044982899063484634,-6.815899488575063e-05,0.996561602098281,6.815899488575063e-05,1.0,,
z204,204,in_cascade,-0.06959557984588502,1.0550239011995778e-05,0.06959557984588502,-6.192603879246524e-05,0.9968760326178039,6.192603879246524e-05,0.999,0.999,False
z207,207,in_cascade,-0.05203515114138102,0.0009940912570798072,0.05203515114138102,7.076946547061782e-05,0.9964299132753585,7.076946547061782e-05,0.995,0.999,False
z212,212,in_cascade,-0.0921306508628498,5.300546098560646e-09,0.0921306508628498,-7.358727829275945e-05,0.9962877648938465,7.358727829275945e-05,0.997,0.999,False
z217,217,in_cascade,-0.05559219461612143,0.0004355002657742426,0.05559219461612143,-5.790149425895057e-05,0.9970790568706086,5.790149425895057e-05,0.999,0.999,False
z224,224,in_cascade,0.10248628519559402,8.199803321761333e-11,0.10248628519559402,5.367413226944895e-06,0.999729230761766,5.367413226944895e-06,1.0,,
z225,225,in_cascade,-0.0494562222911626,0.0017550790549417604,0.0494562222911626,4.673459444853433e-05,0.9976423890171218,4.673459444853433e-05,0.998,0.999,False
z235,235,in_cascade,-0.058565549470732545,0.00021053004138500993,0.058565549470732545,2.628807543846338e-05,0.9986738492602256,2.628807543846338e-05,0.999,0.999,False
z237,237,in_cascade,-0.053319892806795624,0.0007419425664541304,0.053319892806795624,4.282959923919427e-05,0.9978393830465343,4.282959923919427e-05,0.999,0.999,False
z239,239,in_cascade,-0.01891575681040276,0.23166901016813482,0.01891575681040276,-2.4170455109240666e-05,0.9987806764599498,2.4170455109240666e-05,0.998,0.999,False
z244,244,in_cascade,-0.08395562948945023,1.0517352354438844e-07,0.08395562948945023,-4.284149657798105e-05,0.997838782865124,4.284149657798105e-05,0.999,0.999,False
z252,252,in_cascade,-0.02324462499394688,0.14160014368887877,0.02324462499394688,2.6543890110884705e-06,0.9998660943604456,2.6543890110884705e-06,1.0,,
