latent_dim,k,sparsity_pct,n_features_tested,n_active_features,dead_feature_rate,max_rpb_abs,max_rpb_feature,max_rpb_motif,best_f1,best_f1_feature,best_f1_motif,best_precision,best_recall,composite_score,variant,description,sparsity_coef,threshold_init,bandwidth,num_experts,latent_per_expert,k_per_expert
512,,12.5,28,28,0.9453125,0.5437427661097483,z163,in_feedback_loop,0.21000000000000002,z132,in_feedback_loop,0.63,0.126,0.581703125,switch,"8 experts, 64D per expert, k=8",,,,8.0,64.0,8.0
256,8.0,3.125,27,27,0.89453125,0.5424178004462772,z52,in_feedback_loop,0.21333333333333335,z61,in_feedback_loop,0.64,0.128,0.5904869791666667,topk,"Medium capacity, high sparsity",,,,,,
256,16.0,6.25,54,54,0.7890625,0.5409720965152646,z30,in_feedback_loop,0.21000000000000002,z61,in_feedback_loop,0.63,0.126,0.605140625,topk,"Medium capacity, moderate sparsity",,,,,,
256,32.0,12.5,84,84,0.671875,0.5408183597814901,z210,in_feedback_loop,0.21333333333333335,z246,in_feedback_loop,0.64,0.128,0.6238854166666666,topk,"Medium capacity, low sparsity",,,,,,
512,32.0,6.25,92,92,0.8203125,0.5383118361779947,z292,in_feedback_loop,0.21833333333333335,z454,in_feedback_loop,0.655,0.131,0.6033697916666667,topk,"High capacity, low sparsity",,,,,,
256,4.0,1.5625,14,14,0.9453125,0.5380629434844331,z73,in_feedback_loop,0.2116666666666667,z36,in_feedback_loop,0.635,0.127,0.5822864583333333,topk,"Medium capacity, very low sparsity",,,,,,
512,16.0,3.125,49,49,0.904296875,0.537782318530236,z38,in_feedback_loop,0.215,z148,in_feedback_loop,0.645,0.129,0.5896054687500001,topk,"High capacity, moderate sparsity",,,,,,
512,8.0,1.5625,25,25,0.951171875,0.533846499074218,z18,in_feedback_loop,0.21666666666666667,z61,in_feedback_loop,0.65,0.13,0.5831575520833333,topk,"High capacity, high sparsity",,,,,,
128,4.0,3.125,15,15,0.8828125,0.5213870990461154,z114,in_feedback_loop,0.2116666666666667,z110,in_feedback_loop,0.635,0.127,0.5916614583333333,topk,"Low capacity, low sparsity",,,,,,
1024,,12.5,64,64,0.9375,0.4731801519611684,z306,in_feedback_loop,0.21000000000000002,z269,in_feedback_loop,0.63,0.126,0.5560551519611684,switch,"8 experts, 128D per expert, k=16",,,,8.0,128.0,16.0
512,,,442,439,0.142578125,0.42361154804362866,z345,in_feedback_loop,0.22,z501,in_feedback_loop,0.66,0.132,0.6292248292936287,jumprelu,"High capacity, low threshold",,0.01,0.01,,,
256,,12.5,30,30,0.8828125,0.39749088515749376,z180,in_feedback_loop,0.2116666666666667,z168,in_feedback_loop,0.635,0.127,0.4891523434908271,switch,"4 experts, 64D per expert, k=8",,,,4.0,64.0,8.0
512,,12.5,46,46,0.91015625,0.36916358285422,z299,in_feedback_loop,0.21333333333333335,z367,in_feedback_loop,0.64,0.128,0.4573068120208867,switch,"4 experts, 128D per expert, k=16",,,,4.0,128.0,16.0
128,16.0,12.5,42,42,0.671875,0.323584287827964,z74,in_feedback_loop,0.22,z11,in_feedback_loop,0.66,0.132,0.449803037827964,topk,"Low capacity, moderate sparsity",,,,,,
128,8.0,6.25,22,22,0.828125,0.31296902530743365,z91,in_feedback_loop,0.21666666666666667,z11,in_feedback_loop,0.65,0.13,0.41458360864076693,topk,"Low capacity, high sparsity",,,,,,
128,,,115,112,0.125,0.30892086274809744,z82,in_feedback_loop,0.22166666666666668,z36,in_feedback_loop,0.665,0.133,0.5177541960814308,jumprelu,"Low capacity, low threshold",,0.01,0.01,,,
128,,,90,90,0.296875,0.30885022688646163,z39,in_feedback_loop,0.22166666666666668,z54,in_feedback_loop,0.665,0.133,0.49190231021979497,jumprelu,"Low capacity, high threshold",,0.1,0.01,,,
256,,,228,224,0.125,0.30780240826740257,z21,in_feedback_loop,0.21666666666666667,z226,in_feedback_loop,0.65,0.13,0.5148857416007359,jumprelu,"Medium capacity, low threshold",,0.01,0.01,,,
256,,,145,145,0.43359375,0.2940752520040276,z91,in_feedback_loop,0.22166666666666668,z185,in_feedback_loop,0.665,0.133,0.45661952283736096,jumprelu,"Medium capacity, high threshold",,0.1,0.01,,,
512,,,256,256,0.5,0.27509177758061987,z511,in_feedback_loop,0.21666666666666667,z164,in_feedback_loop,0.65,0.13,0.4259251109139532,jumprelu,"High capacity, high threshold",,0.1,0.01,,,
512,,,246,246,0.51953125,0.244303727223227,z367,in_feedback_loop,0.21833333333333335,z221,in_feedback_loop,0.655,0.131,0.39279070638989366,gated,"High capacity, low sparsity penalty",0.0001,,,,,
512,,,217,217,0.576171875,0.2299465005872341,z48,in_feedback_loop,0.21666666666666667,z212,in_feedback_loop,0.65,0.13,0.3693540526705674,gated,"High capacity, medium sparsity penalty",0.0005,,,,,
512,,,182,182,0.64453125,0.21409685054441943,z212,in_feedback_loop,0.21833333333333335,z212,in_feedback_loop,0.655,0.131,0.3438338297110861,gated,"High capacity, high sparsity penalty",0.001,,,,,
512,4.0,0.78125,14,14,0.97265625,0.20911350600339493,z148,in_feedback_loop,0.21000000000000002,z148,in_feedback_loop,0.63,0.126,0.2867150685033949,topk,"High capacity, very low sparsity",,,,,,
128,,,49,49,0.6171875,0.2076624838063057,z73,in_feedback_loop,0.20833333333333334,z123,in_feedback_loop,0.625,0.125,0.3380010254729724,gated,"Low capacity, high sparsity penalty",0.001,,,,,
256,,,114,114,0.5546875,0.17679750150740278,z175,in_feedback_loop,0.21666666666666667,z175,in_feedback_loop,0.6602564102564102,0.13,0.3194277098407361,gated,"Medium capacity, low sparsity penalty",0.0001,,,,,
128,,,37,37,0.7109375,0.16851564336421573,z73,in_feedback_loop,0.20666666666666667,z73,in_feedback_loop,0.6785714285714286,0.124,0.28420835169754904,gated,"Low capacity, medium sparsity penalty",0.0005,,,,,
256,,,75,75,0.70703125,0.1491123737236164,z215,in_feedback_loop,0.21000000000000002,z175,in_feedback_loop,0.6623376623376623,0.126,0.2665576862236164,gated,"Medium capacity, medium sparsity penalty",0.0005,,,,,
128,,,60,60,0.53125,0.1479135850802247,z73,in_feedback_loop,0.20833333333333334,z73,in_feedback_loop,0.6721311475409836,0.125,0.29114275174689136,gated,"Low capacity, low sparsity penalty",0.0001,,,,,
256,,,53,53,0.79296875,0.14292159939219284,z175,in_feedback_loop,0.20938023450586266,z24,in_feedback_loop,0.6732673267326733,0.125,0.24725936896924477,gated,"Medium capacity, high sparsity penalty",0.001,,,,,
